f 0 0 s 4 #0c6 1 m -78 -174.95 l 97 -174.95 q 107 -174.95 107 -164.95 l 107 25.05 q 107 35.05 97 35.05 l -78 35.05 q -88 35.05 -88 25.05 l -88 -164.95 q -88 -174.95 -78 -174.95
f #282828 0.74902 m 107 -164.95 q 107 -174.95 97 -174.95 l -78 -174.95 q -88 -174.95 -88 -164.95 l -88 25.05 q -88 35.05 -78 35.05 l 97 35.05 q 107 35.05 107 25.05 l 107 -164.95 c
f #282828 0.298039 m 107 -164.95 q 107 -174.95 97 -174.95 l -78 -174.95 q -88 -174.95 -88 -164.95 l -88 25.05 q -88 35.05 -78 35.05 l 97 35.05 q 107 35.05 107 25.05 l 107 -164.95 c f 0 0 s 0.1 #333 0.498039 m -78 -174.95 l 97 -174.95 q 107 -174.95 107 -164.95 l 107 25.05 q 107 35.05 97 35.05 l -78 35.05 q -88 35.05 -88 25.05 l -88 -164.95 q -88 -174.95 -78 -174.95
f #fc0 1 m 30 59.95 l 30 -60 l -30 -59.95 l -30 60 l 30 59.95 c
f #000 1 m 400 400 l -400 400 l -400 2000 l 400 2000 l 400 400 c f 0 0 s 1 #000 1 m 400 400 l -400 400 l -400 2000 l 400 2000 l 400 400
f #000 1 m 399.95 -400 l 400 -400 l 400 2000 l 2000 2000 l 2000 -2000 l 399.9 -2000 l 399.95 -400 c
f #000 1 m -2000 -2000 l -2000 2000 l -400 2000 l -400.05 -2000 l -2000 -2000 c
f #33c 1 m 961 640.1 l 961 0.1 l 0 0.1 l 0 640.1 l 961 640.1 c
f #333 1 m 272 32.05 q 272 27.05 267 27.05 l 12 27.05 q 7 27.05 7 32.05 l 7 327.05 q 7 332.05 12 332.05 l 267 332.05 q 272 332.05 272 327.05 l 272 32.05 c
f #a78a00 1 m 381 357.05 l 381 347.05 q 381 337.05 371 337.05 l 221 337.05 q 211 337.05 211 347.05 l 211 357.05 q 211 367.05 221 367.05 l 371 367.05 q 381 367.05 381 357.05 c
f #282828 0.94902 m 107 -164.95 q 107 -174.95 97 -174.95 l -78 -174.95 q -88 -174.95 -88 -164.95 l -88 25.05 q -88 35.05 -78 35.05 l 97 35.05 q 107 35.05 107 25.05 l 107 -164.95 c
f #282828 0.8 m 107 -164.95 q 107 -174.95 97 -174.95 l -78 -174.95 q -88 -174.95 -88 -164.95 l -88 25.05 q -88 35.05 -78 35.05 l 97 35.05 q 107 35.05 107 25.05 l 107 -164.95 c f 0 0 s 0.1 #333 0.498039 m -78 -174.95 l 97 -174.95 q 107 -174.95 107 -164.95 l 107 25.05 q 107 35.05 97 35.05 l -78 35.05 q -88 35.05 -88 25.05 l -88 -164.95 q -88 -174.95 -78 -174.95
f #fff 0.298039 m 87.45 52 l 106.85 52 l 97.15 34.4 l 87.45 52 c
f #080808 1 m 163.85 104.95 q 168.15 106.45 169 103.6 q 163.8 97.85 157.85 99.05 l 157.8 99.05 q 155.9 99.45 153.35 100.85 q 152.1 101.55 150.7 102.45 q 149.8 103.05 148.85 103.75 q 148.2 104.2 147.55 104.7 q 147.5 104.75 147.45 104.8 q 147.2 104.95 146.95 105.2 l 144.75 106.75 q 144.35 107 144.05 107.25 q 142.3 108.45 140.95 109.25 q 140.8 109.35 140.7 109.45 q 141.05 108.35 141.3 107.2 q 142.75 101.25 142.75 94.7 q 142.75 93.8 142.75 92.95 q 142.7 92.3 142.7 91.7 q 142.3 84.8 140.3 78.65 l 140.25 78.45 q 140.15 78.2 140.05 77.95 q 137.3 70.05 131.75 63.35 l 131.4 62.9 q 131.2 62.7 131 62.45 q 130.2 61.55 129.4 60.7 q 126.45 57.6 123.25 55.2 q 125.45 52.1 124.45 47.25 q 124.4 47.15 124.4 47.05 q 124.4 46.95 124.4 46.9 q 124.35 46.8 124.35 46.7 l 124.2 46.1 q 124.15 46 124.15 45.9 q 124.1 45.85 124.1 45.75 q 124 45.55 123.95 45.35 q 123.95 45.4 123.9 45.45 q 123.75 45.75 123.55 46 q 123.35 46.25 123.15 46.5 q 122.6 47.05 121.9 47.45 q 121.4 47.75 120.8 47.95 q 116.1 49.6 114.85 50.25 q 111.25 48.65 107.4 47.8 q 105.85 47.4 104.3 47.2 q 101.15 46.7 97.9 46.65 l 97.85 46.65 q 97.8 46.65 97.75 46.65 l 97.15 46.65 q 96.7 46.65 96.25 46.65 q 95.9 46.65 95.55 46.7 q 91.65 46.8 87.95 47.55 l 87.25 47.7 q 83.2 48.6 79.45 50.25 q 78.45 49.7 75.1 48.55 q 74.35 48.25 73.5 47.95 q 72.15 47.45 71.25 46.6 l 70.35 45.35 q 70.3 45.45 70.3 45.55 q 70.2 45.9 70.1 46.25 q 70.05 46.4 70.05 46.55 q 69.95 46.9 69.85 47.3 l 69.85 47.5 q 69.85 47.55 69.8 47.65 q 69.8 47.75 69.75 47.9 q 69.7 48.05 69.7 48.2 q 69.6 48.75 69.6 49.3 l 69.6 49.35 q 69.55 49.65 69.55 50 q 69.55 53 71.1 55.2 q 68.6 57 66.35 59.25 l 66.1 59.5 q 65.5 60.05 64.9 60.7 q 54.95 71.15 52.45 84.9 q 52.4 84.95 52.4 85 l 52.4 85.05 q 52.35 85.4 52.3 85.75 l 52.25 86 q 51.55 90.1 51.55 94.55 q 51.55 102.45 53.65 109.45 q 52.75 108.9 51.65 108.15 q 50.35 107.35 48.9 106.25 q 48.45 105.95 48.05 105.65 q 47.4 105.2 46.75 104.7 q 43.95 102.6 41.7 101.25 q 41.15 100.95 40.65 100.7 q 40.5 100.6 40.4 100.55 q 38.2 99.4 36.55 99.05 l 36.5 99.05 q 35.15 98.8 33.85 98.85 q 29.35 99.15 25.3 103.6 q 26.15 106.45 30.45 104.95 q 34.75 103.45 37.95 112.85 q 39.55 117.6 41.35 120.8 q 42.15 122.2 43.05 123.35 q 42.25 123.7 41.55 124.1 q 34.25 128.15 37 133.85 q 39.75 139.5 40.4 136.6 q 42.15 129.55 50.6 133.1 q 55.4 135.2 60.05 134.1 q 60 135.5 60 137.15 q 59.8 140.1 59 141.75 l 58.95 141.8 q 58.65 142.25 58.35 142.6 q 58.3 142.6 58.3 142.65 q 57.15 143.8 56.15 144.4 q 55.55 144.75 54.95 144.9 q 54.3 145 53.75 144.9 q 53.05 144.8 52.5 144.35 q 52.25 144.2 52.05 144 q 51.95 143.9 51.9 143.85 l 51.85 143.8 q 51.8 143.75 51.75 143.7 l 51.7 143.65 q 51.25 143.15 51 142.65 l 50.7 142 q 50.65 141.9 50.6 141.8 q 49.75 139.35 50.65 135.55 q 50.7 133.6 48.85 134.85 q 47.1 136 44.95 139.1 q 44.85 139.25 44.75 139.4 q 43.5 141.2 43.9 144 q 44.15 145.85 44.95 147.2 q 45.35 147.85 45.9 148.4 q 49.95 152.45 54.85 153.2 q 56.3 153.4 57.8 153.35 q 57.35 155.65 58.25 158.25 l 60.1 158.35 q 67.9 149.5 78.85 143.8 q 79.2 145.6 79.6 147.8 q 79.6 147.85 79.65 147.9 q 79.65 148.05 79.7 148.2 l 79.8 149.05 q 79.8 149.1 79.85 149.25 q 79.8 149.3 79.85 149.35 q 80.35 153.8 78.4 156.05 q 78.4 156.1 78.35 156.1 q 78.3 156.15 78.25 156.25 q 77.8 156.7 77.4 157.1 l 77 157.45 q 76.1 158.1 75.3 158.35 q 74.6 158.5 73.95 158.35 l 73.9 158.35 q 73.05 158.15 72.3 157.4 q 69.75 154.9 71.35 151.15 q 70.8 150.45 69.65 150.55 q 68.55 150.65 67.7 151.5 q 63.3 156.95 66.4 161.5 q 69.35 165.85 77.9 168.05 q 91.55 171.55 94.85 155.35 q 95.7 149 96.25 142.55 q 96.7 142.55 97.15 142.55 q 97.6 142.55 98.05 142.55 q 98.6 149 99.45 155.35 q 102.75 171.55 116.4 168.05 q 124.95 165.85 127.9 161.5 q 131 156.95 126.6 151.5 q 125.75 150.65 124.65 150.55 q 123.5 150.45 122.95 151.15 q 124.55 154.9 122 157.4 q 121.15 158.25 120.2 158.4 q 119.75 158.45 119.3 158.4 l 119.25 158.4 q 118.55 158.25 117.8 157.8 q 116.9 157.2 115.9 156.05 q 113.7 153.5 114.65 148.05 q 114.7 147.95 114.7 147.8 q 114.75 147.45 114.85 147.1 l 114.85 147.05 q 115.2 145.3 115.5 143.8 q 126.4 149.5 134.2 158.35 l 136.05 158.25 q 136.95 155.65 136.55 153.35 q 138 153.4 139.45 153.2 q 144.35 152.45 148.4 148.4 q 150.05 146.75 150.4 144 q 150.8 141.2 149.55 139.4 q 147.3 136.05 145.45 134.85 q 143.6 133.6 143.65 135.55 q 144.75 140.15 143.3 142.75 q 143.2 142.8 143.15 142.95 l 143.05 143.1 q 142.75 143.5 142.4 143.85 q 142.3 143.95 142.25 144 q 141.7 144.5 141.15 144.75 l 141.1 144.75 q 139.6 145.35 137.85 144.25 l 137.85 144.2 q 137.6 144.05 137.35 143.9 l 137.15 143.75 l 136.45 143.1 q 136.25 142.9 136 142.65 q 135.3 141.9 134.9 140.65 q 134.55 139.5 134.4 137.95 q 134.35 137.55 134.3 137.15 q 134.3 135.5 134.3 134.1 q 138.9 135.2 143.7 133.1 q 152.15 129.55 153.9 136.6 q 154.55 139.5 157.3 133.85 q 160.05 128.15 152.75 124.1 q 152.05 123.7 151.3 123.35 q 151.65 122.8 152.05 122.25 q 152.5 121.55 152.95 120.8 q 154.75 117.6 156.35 112.85 q 159.55 103.45 163.85 104.95 c
f #876a22 0.298039 m 2.05 190.4 q 1.05 189.8 0 189.55 l 0 200 q 0 210 10 210 l 19.1 210 q 19.1 209.8 19.2 209.65 q 19.3 209.35 19.4 209.1 q 19.4 208.55 19.4 208 q 19.4 207.7 19.35 207.45 q 19.3 207.15 19.25 206.9 q 19.2 206.35 19.2 205.8 q 19.5 205.5 19.75 205.25 q 20.05 204.95 20.3 204.65 q 20.5 204.4 20.7 204.15 q 20.85 203.85 21.05 203.6 q 21.15 203.3 21.25 203.05 q 21.3 202.8 21.4 202.5 q 21.7 202.25 22 202 q 22.3 201.7 22.65 201.4 q 22.95 201.15 23.25 200.85 q 23.35 200.6 23.45 200.35 q 23.6 200.05 23.8 199.75 q 23.9 199.5 23.95 199.2 q 24.05 198.95 24.15 198.65 q 24.25 198.4 24.35 198.1 q 24.35 197.85 24.35 197.55 q 24.35 197 24.3 196.45 q 24.25 195.9 24.15 195.35 q 24.05 194.8 23.95 194.25 q 24.8 194.1 25.6 193.9 q 26.45 193.7 27.25 193.55 q 27.65 193.35 27.95 193.15 q 28.35 192.9 28.7 192.65 q 28.9 192.35 29.1 192.1 q 29.25 191.8 29.4 191.5 q 29.55 191.25 29.65 191 q 29.8 190.7 30 190.45 q 31.1 189.9 32.15 189.25 q 32.85 188.8 33.5 188.25 q 33.55 187.95 33.7 187.7 q 33.85 187.4 34.05 187.15 q 34.1 186.85 34.15 186.6 q 34.2 186.3 34.2 186.05 q 34.55 185.75 34.9 185.45 q 35.2 185.2 35.5 184.95 q 36.05 184.65 36.55 184.35 q 37.25 183.85 37.8 183.25 q 38.3 182.75 38.8 182.2 q 39.25 182 39.7 181.85 q 39.9 181.75 40.05 181.65 q 40.35 181.45 40.6 181.3 q 40.8 181 40.95 180.75 q 41.15 180.45 41.3 180.15 q 41.45 179.9 41.55 179.65 q 41.9 179.1 42.25 178.55 q 43.15 178 43.95 177.3 q 44.9 176.5 45.9 175.8 q 46.55 175.55 47.2 175.25 q 47.45 175 47.7 174.7 q 47.9 174.45 48.15 174.2 q 48.4 173.9 48.65 173.6 q 49.1 173.35 49.55 173.05 q 49.95 172.8 50.3 172.5 q 50.5 172.25 50.65 171.95 q 50.75 171.7 50.8 171.4 q 50.85 171.15 50.85 170.85 q 51.05 170.6 51.25 170.35 q 51.5 170.05 51.75 169.75 q 52.2 169.6 52.65 169.35 q 52.85 169.2 53.05 169.05 q 53.3 168.75 53.6 168.5 q 53.95 168.2 54.3 167.95 q 54.5 167.65 54.7 167.4 q 55.05 167.1 55.4 166.8 q 55.7 166.55 55.95 166.3 q 56.35 166.1 56.7 165.95 q 57.05 165.75 57.45 165.55 q 57.7 165.3 58 165 q 58.35 164.85 58.7 164.7 q 59.25 164.45 59.8 164.3 q 60.1 164 60.35 163.75 q 60.9 163.45 61.45 163.15 q 61.9 162.9 62.35 162.65 q 62.65 162.35 62.9 162.1 q 63.85 161.8 64.75 161.55 q 65.1 161.25 65.5 161 q 65.65 160.7 65.85 160.45 q 66.05 160.15 66.25 159.9 q 66.5 159.6 66.75 159.3 q 66.95 159.05 67.1 158.8 q 67.2 158.5 67.3 158.25 q 67.4 157.95 67.5 157.7 q 67.4 157.7 67.3 157.7 q 67.2 157.7 67.1 157.7 q 67.05 157.7 66.95 157.75 q 66.75 157.8 66.6 157.9 q 66.2 158.15 65.85 158.45 q 65.55 158.7 65.3 159 q 64.85 159.25 64.4 159.55 q 63.65 159.7 62.9 159.9 q 62.55 160.1 62.2 160.25 q 61.9 160.55 61.65 160.8 q 61.2 161.1 60.7 161.35 q 59.7 161.9 58.7 162.45 q 58.45 162.75 58.15 163 q 57.9 163.3 57.6 163.55 q 57.15 163.85 56.7 164.1 q 56.45 164.35 56.15 164.65 q 55.8 164.9 55.45 165.2 q 55.15 165.45 54.85 165.75 q 54.5 165.95 54.15 166.1 q 53.95 166.2 53.75 166.3 q 53.7 166.5 53.6 166.65 q 53.5 166.95 53.4 167.2 q 53.05 167.4 52.7 167.6 q 52.4 167.75 52.1 167.9 q 51.75 168.1 51.4 168.3 q 50.95 168.5 50.5 168.65 q 49.2 168.65 47.95 168.75 q 47.3 168.75 46.65 168.85 q 45.45 169.75 44.4 170.85 q 43.55 171.8 42.6 172.7 q 40.55 174.65 37.85 175.6 q 37.25 175.7 36.6 175.8 q 36.15 175.9 35.7 176 q 35.4 176.1 35.1 176.15 q 34.85 176.35 34.6 176.55 q 34.3 176.8 34.05 177.1 q 33.85 177.35 33.65 177.6 q 33.4 177.9 33.1 178.2 q 32.45 178.45 31.85 178.75 q 31.3 178.8 30.75 178.9 q 29.8 179 28.9 179.1 q 28.45 179.3 28 179.45 q 27.65 179.75 27.25 180 q 25.6 180.35 23.95 180.75 q 23.4 181 22.85 181.3 q 22.6 181.55 22.3 181.85 q 22.05 182.1 21.75 182.4 q 21.7 182.65 21.55 182.9 q 21.4 183.2 21.3 183.5 q 21.25 183.75 21.25 184.05 q 20.6 184.6 19.9 185.05 q 18.85 185.7 17.75 186.25 q 17.5 186.5 17.2 186.8 q 16.95 187.05 16.65 187.3 q 16.4 187.6 16.1 187.85 q 15.65 188.15 15.15 188.4 q 14.75 188.6 14.3 188.8 q 12.7 188.95 11.15 189.15 q 10.9 189.25 10.6 189.35 q 10.15 189.5 9.7 189.7 q 9.35 190 8.95 190.25 q 8.6 190.5 8.25 190.8 q 6.6 191.25 4.95 191.7 q 4.5 191.6 4.05 191.55 q 3.05 191 2.05 190.4 c f #876a22 0.298039 m 20.7 98.45 q 20.4 98.45 20.15 98.55 q 19.65 98.75 19.2 99 q 18.5 99.35 17.75 99.75 q 16.55 99.8 15.4 99.95 q 14.55 100 13.75 100.1 q 13.45 100.3 13.15 100.45 q 12.55 100.75 11.9 101 q 11.65 101.3 11.35 101.55 q 11.1 101.85 10.8 102.1 q 10.35 102.4 9.9 102.7 q 9.5 102.95 9.15 103.2 q 8.7 103.5 8.25 103.75 q 7.95 104.05 7.8 104.35 q 7.7 104.6 7.7 104.85 q 7.6 105.15 7.55 105.4 q 7.5 105.65 7.5 105.85 q 7.3 105.9 7.15 105.95 q 6.15 106.4 5.15 106.85 q 3.75 107.5 2.55 108.5 q 2.1 108.7 1.65 108.85 q 1 109.05 0.4 109.25 q 0.15 109.3 0 109.35 l 0 124.4 q 0.1 124.15 0.25 123.9 q 0.4 123.6 0.55 123.3 q 0.65 123.05 0.75 122.75 q 0.75 122.5 0.8 122.25 q 0.85 121.95 0.85 121.7 q 0.85 121.4 0.75 121.15 q 1.5 120.6 2.2 120.05 q 3.05 119.5 3.85 118.95 q 4.05 118.65 4.2 118.35 q 4.3 118.1 4.4 117.85 q 4.75 117.55 5.15 117.35 q 5.7 117 6.25 116.75 q 6.5 116.45 6.8 116.2 q 7.65 115.45 8.25 114.55 q 8.8 113.7 9.35 112.9 q 9.7 112.6 10.05 112.35 q 10.25 112.1 10.45 111.8 q 10.7 111.55 11 111.25 q 11.1 111 11.2 110.7 q 11.35 110.45 11.55 110.15 q 11.65 109.9 11.7 109.6 q 11.8 109.35 11.9 109.05 q 12 108.8 12.1 108.5 q 12.15 108.25 12.25 107.95 q 12.45 107.7 12.6 107.4 q 12.7 107.15 12.8 106.85 q 12.85 106.65 12.95 106.45 q 12.95 106.4 13.05 106.4 q 13.55 106.15 14.1 105.95 q 14.2 105.85 14.3 105.8 q 14.55 105.6 14.85 105.4 q 15.65 105.2 16.45 105.05 q 16.95 104.5 17.35 103.95 q 18.05 103.1 18.7 102.35 q 19.4 101.6 19.4 100.65 q 19.6 100.35 19.75 100.1 q 19.95 99.8 20.15 99.55 q 20.3 99.3 20.45 99 q 20.6 98.75 20.7 98.45 c f #876a22 0.298039 m 67.3 47.05 q 67.2 47.15 67.1 47.2 q 67.05 47.25 66.95 47.3 q 66.75 47.35 66.55 47.4 q 66.2 47.55 65.85 47.65 q 65.55 47.7 65.3 47.8 q 63.65 49.05 61.85 50 q 60.25 50.85 59.1 52.2 q 58.55 52.45 58 52.8 q 57.6 53 57.35 53.35 q 57.15 53.55 57.05 53.85 q 56.95 54.1 56.9 54.4 q 56.8 54.65 56.75 54.95 q 56.7 55.2 56.7 55.5 q 56.95 55.75 57.25 56.05 q 57.9 56.1 58.55 56.2 q 59.25 55.75 59.95 55.2 q 60.55 54.75 61.1 54.2 q 61.65 53.65 62.2 53.1 q 62.65 52.85 63.1 52.55 q 63.55 52.3 64 52 q 64.2 51.75 64.4 51.45 q 64.55 51.2 64.75 50.9 q 64.95 50.65 65.15 50.4 q 65.4 50.1 65.65 49.8 q 65.75 49.55 65.85 49.25 q 65.95 49 66.05 48.7 q 66.3 48.45 66.55 48.15 q 67.05 47.9 67.3 47.5 q 67.4 47.35 67.3 47.05 c f #876a22 0.298039 m 67.5 12.15 q 67.2 12.25 66.95 12.3 q 66.2 12.4 65.5 12.5 q 65.3 12.5 65.1 12.55 q 64.65 12.6 64.2 12.65 q 63.75 12.7 63.3 12.7 q 62 13.05 60.75 13.5 q 59.65 13.9 58.55 14.4 q 57.05 15 55.4 15.25 q 55.15 15.45 54.9 15.65 q 54.5 15.9 54.15 16.15 q 52.75 16.8 51.35 17.35 q 49.55 18.1 47.7 18.6 q 46.25 18.95 44.8 19.45 q 44.55 19.65 44.3 19.85 q 44 20.1 43.75 20.4 q 43.55 20.65 43.35 20.9 q 43 21.2 42.65 21.5 q 42.35 21.75 42.05 22 q 41.8 22.3 41.5 22.55 q 40.25 22.65 38.95 22.75 q 37.25 22.3 35.45 22.55 q 34.4 22.7 33.3 22.95 q 31.65 23.35 30 23.65 q 29.55 23.95 29.1 24.2 q 28.8 24.5 28.55 24.75 q 28.3 24.95 28.1 25.2 q 27.95 25.15 27.8 25.15 q 27.8 25.2 27.75 25.25 q 27.7 25.3 27.65 25.35 q 27.5 25.4 27.4 25.45 q 27.05 25.55 26.7 25.7 q 26.45 25.75 26.15 25.9 q 25.8 26.05 25.45 26.2 q 25.15 26.5 24.9 26.75 q 24.85 26.75 24.8 26.8 q 24.45 26.85 24.15 26.95 q 23.8 27.15 23.45 27.35 q 23.05 27.55 22.75 27.8 q 22.5 27.8 22.3 27.85 q 21.85 28 21.45 28.2 q 20.6 28.4 19.75 28.6 q 18.95 28.8 18.1 28.95 q 17.75 29.15 17.4 29.35 q 17.1 29.6 16.85 29.9 q 16.55 30.15 16.3 30.45 q 16.1 30.7 15.95 31 q 15.85 31.25 15.75 31.55 q 14.9 32.05 14.1 32.6 q 13.05 33.25 12.3 34.15 q 11.6 34.9 11.35 35.9 l 11.35 35.9 q 10.7 36 10.05 36.1 q 9.6 36.35 9.15 36.65 q 8.9 36.9 8.6 37.2 q 8.35 37.45 8.05 37.75 q 7.5 37.95 6.95 38.1 q 6.7 38.2 6.4 38.3 q 6.05 38.45 5.7 38.65 q 5.4 38.95 5.15 39.2 q 4.85 39.5 4.6 39.75 q 4.3 40.05 4.05 40.3 q 3.75 40.6 3.5 40.85 q 2.95 41.15 2.4 41.45 q 2 41.65 1.65 41.95 q 0.8 42.15 0 42.45 l 0 63.6 q 0.6 63.3 1.25 62.95 q 2.2 62.45 3.05 61.75 q 3.6 61.35 4.05 60.8 q 4.4 60.5 4.75 60.25 q 4.95 59.95 5.15 59.7 q 5.4 59.4 5.7 59.15 q 5.95 58.85 6.25 58.6 q 6.6 58.3 6.95 58.05 q 7.15 57.75 7.35 57.5 q 7.5 57.2 7.7 56.95 q 7.9 56.65 8.1 56.4 q 8.35 56.1 8.6 55.8 q 8.8 55.55 8.95 55.3 q 9.35 55 9.75 54.8 q 10.8 54.2 11.9 53.65 q 12.35 53.4 12.8 53.1 q 13.25 52.85 13.75 52.55 q 13.85 52.4 13.95 52.3 q 14.35 52.05 14.85 51.8 q 15.1 51.55 15.35 51.25 q 15.45 51 15.6 50.75 q 15.75 50.45 15.9 50.15 q 16 49.9 16.1 49.65 q 16.2 49.35 16.25 49.05 q 16.3 48.8 16.35 48.55 q 16.4 48.25 16.45 48 q 16.85 47.8 17.2 47.6 q 17.95 47.15 18.6 46.6 q 19.1 46.15 19.6 45.6 q 19.75 45.05 19.95 44.5 q 20.05 44.25 20.1 43.95 q 20.2 43.4 20.3 42.85 q 20.3 42.6 20.3 42.3 q 20.75 42.05 21.25 41.75 q 21.7 41.5 22.15 41.2 q 22.5 40.95 22.85 40.65 q 23.05 40.4 23.25 40.1 q 23.35 39.85 23.45 39.6 q 23.7 39 23.8 38.35 q 23.85 38.3 23.95 38.25 q 24.25 38 24.5 37.75 q 26.15 37.85 27.8 37.85 q 28.35 37.85 28.9 37.7 q 29.2 37.65 29.45 37.55 q 29.75 37.4 30 37.2 q 30.35 36.9 30.7 36.6 q 31 36.35 31.3 36.1 q 31.35 35.8 31.5 35.55 q 31.65 35.25 31.8 35 q 31.9 34.75 32 34.45 q 32.45 34.2 32.9 33.9 q 33.3 33.65 33.65 33.35 q 33.95 33.1 34.15 32.75 q 34.3 32.55 34.4 32.25 q 34.75 32 35.15 31.75 q 35.65 31.45 36.2 31.15 q 36.75 30.9 37.3 30.6 q 37.75 30.35 38.25 30.05 q 38.5 29.8 38.75 29.5 q 38.95 29.25 39.15 28.95 q 39.35 28.7 39.5 28.4 q 40.6 28.35 41.7 28.25 q 42.45 28.25 43.15 28.2 q 43.65 28.15 44.1 28.05 q 44.35 27.85 44.65 27.7 q 45 27.4 45.35 27.1 q 45.65 26.85 45.9 26.6 q 46.2 26.3 46.45 26 q 46.65 25.75 46.85 25.5 q 47.2 25.2 47.55 24.95 q 48.2 24.75 48.85 24.6 q 49.3 24.5 49.75 24.4 q 50.05 24.2 50.3 24.05 q 50.85 23.85 51.4 23.65 q 51.65 23.5 51.95 23.35 q 52.6 23 53.25 22.75 q 53.6 22.45 53.95 22.2 q 54.3 21.95 54.7 21.65 q 55.35 21.4 55.95 21.1 q 56.35 20.85 56.7 20.55 q 56.95 20.3 57.25 20 q 57.8 19.8 58.35 19.65 q 58.6 19.55 58.9 19.45 q 59.1 19.25 59.25 19.1 q 59.55 18.8 59.85 18.55 q 60.15 18.25 60.55 18 q 60.9 17.7 61.25 17.45 q 61.45 17.15 61.65 16.9 q 61.9 16.6 62.2 16.35 q 62.45 16.05 62.75 15.8 q 63.3 15.55 63.8 15.25 q 64.3 15 64.75 14.7 q 65 14.45 65.3 14.2 q 65.65 13.9 66.05 13.65 q 66.5 13.35 66.95 13.1 q 67.6 12.8 68.2 12.5 q 68.05 12.25 67.85 11.95 q 67.75 12.05 67.65 12.1 q 67.6 12.15 67.5 12.15 c f #876a22 0.298039 m 183.05 170.85 q 182.95 170.85 182.9 170.9 q 182.25 171.15 181.65 171.5 q 180.2 172.35 178.65 173.05 q 178.4 173.35 178.1 173.6 q 177.2 174.15 176.3 174.75 q 174.6 175.9 172.8 176.9 q 172.55 177.15 172.25 177.45 q 171.7 178 171.25 178.6 q 170.8 179.1 170.45 179.65 q 170.45 179.9 170.4 180.2 q 170.35 180.45 170.25 180.75 q 169.9 181.3 169.45 181.8 q 168.7 182.65 167.9 183.5 q 166.8 184.6 165.7 185.7 q 165.3 185.85 164.95 186.05 q 164.4 186.05 163.85 186.05 q 163.6 186.05 163.3 186.05 q 162.85 186.25 162.4 186.45 q 162.3 186.5 162.2 186.55 q 161.75 186.8 161.3 186.95 q 160.95 187.25 160.55 187.5 q 160.1 187.8 159.65 188.05 q 159.1 188.6 158.55 189.15 q 157.65 189.95 156.65 190.7 q 155.7 191.4 155.65 192.45 q 155.15 192.55 154.7 192.55 q 154.55 192.55 154.35 192.45 q 154 192.35 153.6 192.25 q 152.9 192.25 152.15 192.25 q 151.8 192.35 151.45 192.45 q 151.25 192.55 151.05 192.65 q 150.85 192.8 150.7 193 q 150.4 193.25 150.25 193.6 q 150.15 193.8 150.15 194.1 q 150.05 194.35 150.05 194.65 q 150.05 194.9 150.1 195.2 q 150.15 195.45 150.2 195.75 q 150.25 196 150.35 196.3 q 150.15 196.55 150 196.85 q 149.85 197.1 149.8 197.4 q 149.7 197.65 149.5 197.85 q 149.25 198.1 148.85 198.3 q 147.4 198.4 145.95 198.45 q 144.75 198.45 143.75 199.05 q 143.2 199.6 142.65 200.1 q 142.1 200.65 141.65 201.3 q 141.35 201.75 141.2 202.3 q 140.75 202.7 140.25 202.7 q 138.45 202.75 136.8 203.4 q 136.45 203.6 136.05 203.8 q 135.8 204.05 135.5 204.35 q 135.25 204.6 134.95 204.9 q 134.85 205.15 134.75 205.4 q 134.4 206 134.05 206.5 q 133.7 207.05 133.3 207.6 q 133.25 207.9 133.2 208.2 q 133.15 208.45 133.1 208.7 q 133.05 209 133.05 209.25 q 133.05 209.55 133.15 209.8 q 133.15 209.9 133.15 210 l 151.95 210 q 152.05 209.7 152.15 209.45 q 152.25 209.2 152.25 208.9 q 152.25 208.65 152.2 208.35 q 152.15 208.1 152.15 207.8 q 152.25 207.55 152.35 207.25 q 152.45 207 152.5 206.7 q 152.6 206.45 152.7 206.15 q 153 205.9 153.25 205.6 q 153.8 205.35 154.35 205.05 q 154.8 204.8 155.25 204.5 q 155.45 204.25 155.65 203.95 q 155.8 203.7 155.95 203.4 q 156.1 203.15 156.2 202.85 q 156.25 202.6 156.3 202.3 q 156.35 202.05 156.35 201.75 q 156.35 201.5 156.3 201.25 q 156.25 200.95 156.2 200.65 q 156.1 200.4 155.95 200.15 q 155.8 199.85 155.75 199.55 q 155.7 199.3 155.8 199.05 q 156.1 198.75 156.35 198.5 q 156.65 198.2 156.9 197.95 q 157.55 197.75 158.2 197.55 q 158.35 197.45 158.55 197.4 q 158.75 197.2 158.9 197 q 159.2 196.75 159.45 196.45 q 159.75 196.2 160 195.9 q 160.1 195.65 160.2 195.35 q 160.3 195.1 160.4 194.8 q 160.95 194.25 161.5 193.75 q 162.35 193 162.95 192.1 q 163.65 191 164.2 189.9 q 164.3 189.6 164.4 189.35 q 164.5 189.05 164.6 188.8 q 164.75 188.5 164.9 188.2 q 165.05 187.95 165.15 187.7 q 165.3 187.4 165.5 187.15 q 165.85 186.85 166.25 186.6 q 166.7 186.05 167.2 185.55 q 167.8 184.95 168.45 184.4 q 168.5 184.1 168.6 183.85 q 168.7 183.55 168.8 183.3 q 169.05 183.05 169.35 182.75 q 169.9 182.55 170.4 182.35 q 170.55 182.3 170.6 182.2 q 170.9 181.75 171.2 181.3 q 171.65 180.75 172.1 180.2 q 172.65 179.65 173.2 179.1 q 173.8 178.8 174.45 178.55 q 174.85 178.25 175.2 178 q 175.65 177.7 176.1 177.45 q 176.55 177.15 177 176.9 q 177.3 176.65 177.55 176.35 q 178.5 175.8 179.4 175.25 q 180.2 174.7 181.05 174.15 q 181.5 173.6 181.9 173 q 182.25 172.5 182.5 171.95 q 182.8 171.4 183.05 170.85 c f #876a22 0.298039 m 187.9 165.95 q 187.65 166.5 187.45 167.05 q 187.45 167.3 187.55 167.55 q 187.65 167.85 187.8 168.1 q 188.25 168.3 188.75 168.5 q 189.2 168.3 189.55 168 q 189.75 167.85 189.8 167.55 q 189.9 167.3 190.05 167.05 q 190.2 166.75 190.35 166.45 q 190.45 166.2 190.5 165.9 q 190.55 165.65 190.55 165.4 q 190.45 165.1 190.3 164.9 q 190 164.55 189.65 164.3 q 189.55 164.35 189.45 164.45 q 189 164.65 188.65 164.95 q 188.2 165.4 187.9 165.95 c f #876a22 0.298039 m 195 58.95 l 194.95 59 q 194.4 58.85 193.85 58.75 l 193.85 58.85 q 193.2 58.95 192.55 59 q 191.95 59.05 191.3 59.15 q 190.85 59.3 190.4 59.55 q 188.75 60.5 187.3 61.75 q 186.5 62.4 186 63.35 q 185.9 63.6 185.8 63.9 q 185.75 64 185.7 64.1 q 185.45 64.15 185.25 64.25 q 185 64.55 184.7 64.8 q 184.45 65.1 184.15 65.35 q 183.8 65.55 183.4 65.7 q 183.05 65.9 182.7 66.1 q 182.35 66.35 181.95 66.65 q 181.8 66.9 181.65 67.2 q 181.5 67.45 181.4 67.75 q 181.4 68 181.35 68.25 q 181.3 68.55 181.3 68.85 q 181.3 69.1 181.4 69.4 q 181.4 69.65 181.3 69.7 q 180.3 70.1 179.2 70.3 q 178.65 70.4 178.15 70.5 q 177.95 70.55 177.75 70.65 q 177.5 70.85 177.2 71.05 q 176.35 71.75 175.7 72.65 q 175.45 72.95 175.25 73.25 q 174.9 73.75 174.65 74.3 q 174.65 74.6 174.6 74.85 q 174.55 75.15 174.55 75.4 q 174.55 75.7 174.65 75.95 q 174.75 76.25 174.65 76.4 q 174.45 76.7 174.1 76.9 q 173.9 76.95 173.75 77.05 q 173.55 77.25 173.35 77.4 q 173.1 77.7 172.8 77.95 q 172.35 78.15 171.9 78.35 q 171.7 78.45 171.55 78.5 q 171.35 78.7 171.15 78.85 q 170.8 79.15 170.45 79.45 q 170.05 79.7 169.7 80 q 169.55 80.25 169.35 80.55 q 168.45 81 167.55 81.5 q 166.8 81.9 166.15 82.45 q 165.6 82.9 165.15 83.45 q 165.05 83.75 164.95 84 q 164.75 84.55 164.6 85.1 q 164.5 85.4 164.4 85.65 q 164.3 85.95 164.2 86.2 q 164.15 86.5 164.05 86.75 q 163.75 86.75 163.5 86.75 q 162.65 86.65 161.85 86.65 q 161.55 86.65 161.3 86.75 q 161.1 86.95 160.95 87.1 q 160.65 87.4 160.4 87.7 q 160.2 87.95 160 88.2 q 159.55 88.5 159.1 88.75 q 158.55 89.05 158 89.3 q 157.35 89.6 156.75 89.85 q 156.35 90.4 155.9 90.85 q 154.25 92.55 152.35 94 q 151.15 94.85 150.5 95.9 q 151.75 95.8 152.7 94.8 q 153 94.5 153.25 94.25 q 153.8 93.7 154.35 93.15 q 155 92.9 155.65 92.6 q 155.9 92.5 156.2 92.4 q 156.75 92.25 157.25 92 q 157.65 91.85 158 91.7 q 158.3 91.4 158.55 91.15 q 159.2 90.85 159.85 90.55 q 160.4 90.3 160.9 90 q 161.4 89.75 161.85 89.5 q 162.5 89.5 163.15 89.5 q 164.4 89.5 165.7 89.5 q 165.95 89.2 166.2 88.9 q 166.4 88.65 166.6 88.4 q 166.95 88.1 167.25 87.8 q 167.4 87.55 167.5 87.3 q 167.6 87 167.75 86.75 q 167.9 86.5 168.1 86.2 q 168.35 85.95 168.6 85.65 q 169.15 85.45 169.7 85.3 q 170.05 85.2 170.45 85.1 q 170.7 84.9 171 84.75 q 171.45 84.55 171.9 84.35 q 172.1 84.3 172.25 84.2 q 172.45 84 172.6 83.8 q 172.8 83.55 173 83.3 q 175.4 81.55 177.8 79.8 q 178.75 79.05 179.75 78.35 q 180.85 78.35 181.95 78.35 q 182.7 78.35 183.4 78.35 q 183.8 78.45 184.15 78.5 q 184.6 78.6 185.05 78.7 q 185.55 78.6 185.95 78.5 q 186.15 78.45 186.35 78.35 q 186.6 78.15 186.9 77.95 q 187.1 77.7 187.25 77.4 q 187.35 77.15 187.45 76.9 q 187.5 76.75 187.55 76.6 q 188.1 76.75 188.75 76.9 q 189.35 76.8 190 76.65 q 190.2 76.6 190.4 76.55 q 191.1 76.35 191.85 76.15 q 192.4 75.85 192.9 75.55 q 193.3 75.3 193.65 75.05 q 193.85 74.75 194.05 74.5 q 194.5 74.2 194.95 73.95 q 194.95 73.9 195 73.9 l 195 58.95 c f #876a22 0.298039 m 195 48.2 q 194.95 48.25 194.95 48.35 q 194.85 49.15 194.8 50 q 194.75 51.1 194.7 52.2 q 194.65 53.05 194.9 53.85 q 194.95 54 195 54.25 l 195 48.2 c f #876a22 0.298039 m 191.45 16 q 191.85 15.8 192.2 15.6 q 192.65 15.35 193.1 15.05 q 193.5 14.8 193.85 14.5 q 194.05 14.25 194.2 13.95 q 194.4 13.7 194.6 13.4 q 194.75 13.15 194.95 12.85 q 194.95 12.75 195 12.7 l 195 10 q 195 0 185 0 l 175.05 0 q 175 0 175 0.05 q 174.9 0.35 174.85 0.6 q 174.75 0.9 174.65 1.15 q 174.55 1.45 174.5 1.75 q 174.45 2 174.4 2.25 q 174.35 2.55 174.3 2.8 q 174.35 3.1 174.4 3.35 q 174.45 3.65 174.5 3.9 q 174.55 4.2 174.65 4.45 q 174.75 4.75 174.85 5 q 174.9 5.3 175 5.55 q 175.1 5.85 175.2 6.1 q 174.45 6.85 173.8 7.7 q 173.35 8.3 172.8 8.85 q 172.55 9.15 172.3 9.4 q 172.1 9.65 171.9 9.95 q 171.7 10.2 171.55 10.5 q 171.45 10.75 171.35 11.05 q 171.25 11.3 171.15 11.6 q 171.1 11.85 171 12.15 q 170.7 12.4 170.45 12.7 q 170.15 12.95 169.9 13.25 q 169.7 13.5 169.55 13.8 q 169.35 14.35 169.2 14.9 q 169.05 15.45 168.95 16 q 168.9 16.25 168.8 16.55 q 168.7 16.8 168.65 17.1 q 168.6 17.35 168.55 17.6 q 168.5 17.9 168.45 18.2 q 168.25 18.45 168.05 18.75 q 167.9 19 167.7 19.25 q 167.5 19.55 167.35 19.8 q 167.15 20.1 167 20.4 q 166.85 20.65 166.8 20.9 q 166.5 21.2 166.25 21.45 q 165.7 22 165.15 22.6 q 164.95 22.85 164.75 23.1 q 164.6 23.4 164.4 23.65 q 164.2 23.95 164.1 24.25 q 163.95 24.5 163.85 24.75 q 163.85 25.05 163.85 25.3 q 163.85 25.6 163.85 25.85 q 163.65 26.15 163.45 26.4 q 163.2 26.7 162.9 26.95 q 162.65 27.15 162.4 27.3 q 161.65 27.3 160.95 27.3 q 160.55 27.3 160.2 27.35 q 159.3 27.5 158.35 27.7 q 157.45 28.25 156.6 28.85 q 156.25 29.05 156 29.35 q 155.8 29.6 155.6 29.85 q 155.35 30.15 155.1 30.45 q 154.8 30.7 154.55 31 q 153.55 31.25 152.55 31.6 q 151.95 31.8 151.45 32.1 q 151.05 32.35 150.7 32.6 q 150.5 32.9 150.3 33.15 q 150.05 33.45 149.85 33.75 q 149.7 34 149.6 34.25 q 149.5 34.55 149.4 34.8 q 149.3 35.1 149.25 35.35 q 149.15 35.65 149.05 35.9 q 148.85 36.2 148.65 36.45 q 148.4 36.75 148.15 37 q 147.85 37.3 147.6 37.55 q 147.15 37.75 146.7 37.95 q 146.3 38.1 145.95 38.3 q 145.55 38.55 145.2 38.85 q 144.95 39.1 144.7 39.4 q 144.45 39.65 144.3 39.95 q 144.2 40.2 144.15 40.5 q 144.1 40.75 144 41 q 143.95 41.2 143.75 41.4 q 143.2 41.5 142.65 41.6 q 142.1 41.65 141.55 41.75 q 141.2 41.95 140.85 42.15 q 140.45 42.4 140.1 42.7 q 139.8 42.95 139.6 43.25 q 139.45 43.5 139.35 43.8 q 139.25 44.05 139.2 44.35 q 139.15 44.6 139.15 44.85 q 139.1 45.15 139 45.4 q 139.1 45.7 139.15 46 q 139.15 46.25 139.15 46.5 q 139.15 46.8 139.15 47.05 q 139.15 47.35 139.15 47.6 q 139.1 47.9 139 48.15 q 138.9 48.45 138.75 48.7 q 138.6 49 138.45 49.25 q 138 49.45 137.55 49.65 q 137 49.7 136.45 49.8 q 136.05 50 135.7 50.2 q 135.35 50.45 135 50.75 q 134.7 51 134.5 51.3 q 134.35 51.55 134.25 51.8 q 134.15 52.1 134.1 52.4 q 134.05 52.65 134 52.9 q 133.95 53.2 133.95 53.45 q 133.95 53.75 134.05 54 q 134.05 54.3 134.15 54.55 q 134.25 54.85 134.4 55.15 q 134.5 55.4 134.6 55.65 q 134.6 55.95 134.45 56.1 q 134.25 56.4 133.85 56.6 q 133.4 56.65 132.95 56.75 q 132.7 56.95 132.45 57.15 q 132.15 57.4 131.85 57.65 q 131.6 57.95 131.3 58.2 q 130.75 58.4 130.2 58.6 q 129.55 58.75 128.95 58.95 q 128.55 59.25 128.2 59.5 q 127.85 59.8 127.5 60.05 q 127.2 60.35 126.9 60.6 q 126.65 60.85 126.35 61.15 q 126.35 61.4 126.35 61.7 q 126.3 61.95 126.2 62.25 q 126 62.5 125.85 62.8 q 125.75 63.05 125.6 63.35 q 125.45 63.6 125.25 63.9 q 125.1 64.15 124.9 64.4 q 124.65 64.7 124.4 65 q 124.2 65.25 124 65.55 q 124 65.8 123.95 66.1 q 123.9 66.35 123.85 66.65 q 123.8 66.9 123.8 67.2 q 123.65 67.45 123.5 67.75 q 123.35 68 123.25 68.3 q 123.15 68.55 123.1 68.85 q 123.1 69.1 123.15 69.35 q 123.25 69.55 123.45 69.75 q 123.7 69.75 124 69.7 q 124.7 69.55 125.45 69.4 q 126 69.1 126.55 68.85 q 126.85 68.55 127.05 68.25 q 127.3 68 127.45 67.75 q 127.85 67.45 128.2 67.2 q 128.4 66.9 128.55 66.65 q 128.95 66.35 129.3 66.1 q 129.75 65.8 130.2 65.55 q 130.5 65.25 130.8 65 q 131.1 64.7 131.5 64.45 q 132.3 64.25 133.15 64.05 q 133.8 63.9 134.4 63.7 q 134.8 63.45 135.15 63.15 q 135.25 62.9 135.35 62.65 q 135.5 62.35 135.7 62.05 q 136.6 61.9 137.5 61.65 q 138.05 61.5 138.6 61.35 q 139 61.05 139.35 60.8 q 139.7 60.5 140.1 60.25 q 140.55 59.95 141 59.7 q 141.25 59.4 141.55 59.15 q 141.8 58.85 142.1 58.6 q 142.9 58.5 143.75 58.4 q 144.1 58.2 144.45 58 q 144.85 57.75 145.2 57.5 q 145.4 57.2 145.6 56.95 q 145.85 56.65 146.15 56.4 q 146.5 56.1 146.85 55.85 q 147.3 55.75 147.75 55.7 q 148.15 55.65 148.5 55.65 q 149.25 55.5 149.95 55.3 q 150.4 55 150.85 54.75 q 151.15 54.45 151.4 54.2 q 151.5 53.95 151.65 53.65 q 151.8 53.4 151.95 53.1 q 152.05 52.85 152.1 52.55 q 152.15 52.3 152.15 52 q 152.15 51.75 152.3 51.6 q 152.6 51.25 153.05 51.05 q 153.45 50.9 153.8 50.7 q 154.15 50.45 154.55 50.2 q 154.7 49.9 154.9 49.65 q 155.25 49.45 155.65 49.25 q 156.55 49.1 157.45 48.9 q 158 48.6 158.55 48.3 q 158.9 48.05 159.3 47.8 q 160 47.6 160.75 47.45 q 160.95 47.35 161.1 47.25 q 161.5 47.05 161.85 46.85 q 162.2 46.6 162.6 46.35 q 162.75 46.05 162.95 45.8 q 163.15 45.5 163.25 45.2 q 163.4 44.95 163.5 44.7 q 163.95 44.5 164.4 44.35 q 164.75 44.25 165.15 44.15 q 165.5 43.95 165.85 43.75 q 166.25 43.5 166.6 43.25 q 166.95 42.95 167.35 42.7 q 167.5 42.4 167.7 42.1 q 168.2 41.2 169 40.5 q 169.6 39.95 170.2 39.35 q 170.45 39.1 170.6 38.85 q 170.8 38.55 171 38.3 q 171.15 38 171.35 37.75 q 171.45 37.45 171.55 37.2 q 171.65 36.9 171.7 36.65 q 171.9 36.35 172.1 36.1 q 173.35 35.45 174.2 34.4 q 174.55 33.9 174.85 33.35 q 175 33.1 175.15 32.8 q 175.3 32.55 175.4 32.3 q 175.55 32 175.75 31.7 q 176.55 31.15 177.35 30.55 q 177.95 30.05 178.45 29.5 q 178.65 29.25 178.85 28.95 q 179.05 28.7 179.2 28.4 q 179.3 28.15 179.4 27.85 q 179.65 27.6 179.95 27.35 q 180.3 27.05 180.7 26.75 q 180.85 26.5 181.05 26.25 q 181.3 25.95 181.55 25.65 q 181.8 25.4 181.95 25.15 q 182.4 25.05 182.9 24.95 q 183.6 24.85 184.35 24.75 q 185.75 24.3 186.85 23.25 q 187.35 22.75 187.75 22.15 q 187.9 21.95 188.05 21.65 q 188.2 21.4 188.3 21.1 q 188.45 20.85 188.55 20.55 q 188.65 20.3 188.7 20 q 188.75 19.75 188.75 19.45 q 188.75 19.2 188.75 18.9 q 188.8 18.65 188.9 18.35 q 188.8 18.1 188.75 17.8 q 188.75 17.55 188.7 17.25 q 188.65 17 188.55 16.7 q 189 16.55 189.45 16.35 q 190.2 16.25 190.9 16.1 q 191.2 16.05 191.45 16 c
f #2b492c 0.298039 m 107 -164.95 q 107 -174.95 97 -174.95 l -78 -174.95 q -88 -174.95 -88 -164.95 l -88 25.05 q -88 35.05 -78 35.05 l 97 35.05 q 107 35.05 107 25.05 l 107 -164.95 c f 0 0 s 0.1 #333 0.498039 m -78 -174.95 l 97 -174.95 q 107 -174.95 107 -164.95 l 107 25.05 q 107 35.05 97 35.05 l -78 35.05 q -88 35.05 -88 25.05 l -88 -164.95 q -88 -174.95 -78 -174.95
f #333 1 m 4.25 -87.9 q 4.25 -88 4.25 -88.1 q 2.55 -99.45 0 -107.7 q -3.05 -97.9 -4.85 -83.75 l -4.9 -83.35 q -5.25 -80.65 -5.55 -77.75 q -5.7 -76.25 -5.9 -73.95 q -5.95 -73.4 -6 -72.75 q -6.65 -64.7 -7.7 -48.45 q -7.75 -47.9 -7.8 -47.35 q -7.85 -46.75 -7.85 -46.1 q -8.65 -34.65 -9.55 -26.8 q -10.15 -21.8 -10.8 -18.25 q -10.85 -18 -10.9 -17.75 l -11 -17.2 q -13.4 -5 -17.9 0.4 q -13.4 -1.7 -8.4 -2.65 l -8.4 -2.65 q -7.85 -2.75 -7.2 -2.85 l -7.2 -2.85 q -3.75 -3.4 0 -3.4 q 3.7 -3.4 7.2 -2.85 q 7.55 -2.8 7.95 -2.7 q 8.1 -2.7 8.25 -2.65 q 8.3 -2.65 8.4 -2.65 q 13.4 -1.7 17.95 0.45 q 13.45 -4.85 11.1 -16.65 q 11.05 -16.8 11.05 -16.9 l 10.9 -17.75 q 10.8 -18 10.8 -18.25 q 10.15 -21.8 9.6 -26.8 q 8.65 -34.65 7.85 -46.1 q 7.8 -46.75 7.75 -47.35 q 7.7 -47.9 7.7 -48.45 q 6.6 -64.6 6 -72.6 q 5.95 -73.3 5.9 -73.9 q 5.7 -76.25 5.55 -77.75 q 5 -82.7 4.4 -87.1 l 4.25 -87.9 m 4.3 -26.95 q 2.5 -25.2 0 -25.2 q -2.5 -25.2 -4.3 -26.95 q -6.05 -28.75 -6.05 -31.25 q -6.05 -33.75 -4.3 -35.55 q -2.5 -37.3 0 -37.3 q 2.5 -37.3 4.3 -35.55 q 6.05 -33.75 6.05 -31.25 q 6.05 -28.75 4.3 -26.95 h c f #333 1 m 0 -25.2 q 2.5 -25.2 4.3 -26.95 q 6.05 -28.75 6.05 -31.25 q 6.05 -33.75 4.3 -35.55 q 2.5 -37.3 0 -37.3 q -2.5 -37.3 -4.3 -35.55 q -6.05 -33.75 -6.05 -31.25 q -6.05 -28.75 -4.3 -26.95 q -2.5 -25.2 0 -25.2 m 3.2 -31.2 q 3.2 -29.85 2.25 -28.9 q 1.3 -27.95 -0.05 -27.95 q -1.4 -27.95 -2.35 -28.9 q -3.3 -29.85 -3.3 -31.2 q -3.3 -32.55 -2.35 -33.5 q -1.4 -34.45 -0.05 -34.45 q 1.3 -34.45 2.25 -33.5 q 3.2 -32.55 3.2 -31.2 h c f #333 1 m 2.25 -28.9 q 3.2 -29.85 3.2 -31.2 q 3.2 -32.55 2.25 -33.5 q 1.3 -34.45 -0.05 -34.45 q -1.4 -34.45 -2.35 -33.5 q -3.3 -32.55 -3.3 -31.2 q -3.3 -29.85 -2.35 -28.9 q -1.4 -27.95 -0.05 -27.95 q 1.3 -27.95 2.25 -28.9 c f 0 0 s 0.1 #333 1 m 0 -108 l 0 -107.7 q 2.55 -99.45 4.25 -88.1 q 4.25 -88 4.25 -87.9 l 4.4 -87.1 q 5 -82.7 5.55 -77.75 q 5.7 -76.25 5.9 -73.9 q 5.95 -73.3 6 -72.6 q 6.6 -64.6 7.7 -48.45 q 7.7 -47.9 7.75 -47.35 q 7.8 -46.75 7.85 -46.1 q 8.65 -34.65 9.6 -26.8 q 10.15 -21.8 10.8 -18.25 q 10.8 -18 10.9 -17.75 l 11.05 -16.9 f 0 0 s 0.1 #333 1 m 11.1 -16.65 q 13.45 -4.85 17.95 0.45 f 0 0 s 0.1 #333 1 m -17.9 0.4 q -13.4 -5 -11 -17.2 l -10.9 -17.75 q -10.85 -18 -10.8 -18.25 q -10.15 -21.8 -9.55 -26.8 q -8.65 -34.65 -7.85 -46.1 q -7.85 -46.75 -7.8 -47.35 q -7.75 -47.9 -7.7 -48.45 q -6.65 -64.7 -6 -72.75 q -5.95 -73.4 -5.9 -73.95 q -5.7 -76.25 -5.55 -77.75 q -5.25 -80.65 -4.9 -83.35 l -4.85 -83.75 q -3.05 -97.9 0 -107.7 f 0 0 s 1 #333 1 m 6.05 -31.25 q 6.05 -28.75 4.3 -26.95 q 2.5 -25.2 0 -25.2 q -2.5 -25.2 -4.3 -26.95 q -6.05 -28.75 -6.05 -31.25 q -6.05 -33.75 -4.3 -35.55 q -2.5 -37.3 0 -37.3 q 2.5 -37.3 4.3 -35.55 q 6.05 -33.75 6.05 -31.25 f 0 0 s 1 #333 1 m 3.2 -31.2 q 3.2 -29.85 2.25 -28.9 q 1.3 -27.95 -0.05 -27.95 q -1.4 -27.95 -2.35 -28.9 q -3.3 -29.85 -3.3 -31.2 q -3.3 -32.55 -2.35 -33.5 q -1.4 -34.45 -0.05 -34.45 q 1.3 -34.45 2.25 -33.5 q 3.2 -32.55 3.2 -31.2
f #333 1 m -18.45 -132.7 q -18.5 -132.5 -18.5 -132.3 q -18.55 -131.9 -18.6 -131.45 q -18.65 -131.4 -18.65 -131.3 q -18.9 -129.8 -19.15 -128.45 l -19.15 -128.45 q -19.3 -127.4 -19.5 -126.45 q -19.5 -126.35 -19.55 -126.2 l -19.55 -126.2 q -19.9 -124.2 -20.1 -122.7 q -21.05 -117.05 -21.1 -112.8 q -21.15 -108.5 -17.55 -104.2 q -17.25 -103.8 -16.9 -103.45 l -16.85 -103.4 q -13.3 -99.5 -6.25 -95.25 l -6.25 -95.3 q -6.25 -95.35 -6.2 -95.35 q -5 -97.15 -4.25 -99.75 q -4.1 -100.25 -4 -100.75 q -3.05 -104.95 -3.25 -111 q -6.65 -110.8 -9.3 -112.9 q -12.4 -115.35 -12.1 -119.55 q -11.9 -123.1 -11.95 -126.05 q -11.95 -126.15 -11.95 -126.25 q -12.2 -131.95 -13.55 -135.8 q -15.75 -141.95 -21.1 -143.9 q -17.65 -141 -18.4 -133.2 l -18.4 -133.2 q -18.45 -132.95 -18.45 -132.7 c f #333 1 m 4.2 -99.75 q 4.05 -100.25 3.95 -100.75 q 3 -104.95 3.2 -111.05 q 1.8 -114.7 0 -115 q -1.85 -114.7 -3.25 -111 q -3.05 -104.95 -4 -100.75 q -4.1 -100.25 -4.25 -99.75 q -5 -97.15 -6.2 -95.35 q -6.75 -90.2 -7.1 -83.7 l -7.15 -82.75 q -7.15 -82.65 -7.15 -82.6 q -7.25 -81.65 -7.25 -80.6 q -7.55 -69 -7.85 -59.65 l -7.85 -59.35 q -7.85 -59 -7.85 -58.6 q -8.65 -37.25 -9.6 -28.6 q -10.15 -23.3 -10.8 -19.5 q -11.1 -17.9 -11.4 -16.4 l -11.5 -16 q -13.85 -4.75 -17.95 0.5 q -13.2 -1.95 -7.9 -2.95 q -7.95 -2.85 -7.95 -2.75 q -7.45 -2.85 -6.85 -2.9 q -6.85 -3.05 -6.8 -3.15 q -3.5 -3.65 0 -3.65 q 3.45 -3.65 6.8 -3.15 q 6.8 -3.05 6.85 -2.9 q 7.4 -2.85 7.95 -2.75 q 7.9 -2.85 7.9 -2.95 q 13.15 -1.95 17.95 0.5 q 13.8 -4.75 11.45 -16 q 11.4 -16.1 11.4 -16.15 l 11.25 -17.05 q 11 -18.25 10.8 -19.5 q 10.15 -23.3 9.6 -28.6 q 8.6 -37.25 7.85 -58.6 q 7.8 -59 7.8 -59.35 l 7.8 -59.65 q 7.5 -69 7.25 -80.6 q 7.2 -81.65 7.15 -82.6 q 7.05 -83.65 7.05 -84.65 q 6.7 -90.55 6.2 -95.25 l 6.2 -95.3 q 4.95 -97.1 4.2 -99.75 m 3.2 -87.9 l 0 -79.95 l -3.2 -87.9 l 0 -95.85 l 3.2 -87.9 h m 6.05 -37 q 6.05 -34.5 4.3 -32.7 q 2.5 -30.95 0 -30.95 q -2.5 -30.95 -4.3 -32.7 q -6.05 -34.5 -6.05 -37 q -6.05 -39.5 -4.3 -41.3 q -2.5 -43.05 0 -43.05 q 2.5 -43.05 4.3 -41.3 q 6.05 -39.5 6.05 -37 h c f #333 1 m 4.3 -32.7 q 6.05 -34.5 6.05 -37 q 6.05 -39.5 4.3 -41.3 q 2.5 -43.05 0 -43.05 q -2.5 -43.05 -4.3 -41.3 q -6.05 -39.5 -6.05 -37 q -6.05 -34.5 -4.3 -32.7 q -2.5 -30.95 0 -30.95 q 2.5 -30.95 4.3 -32.7 m 3.2 -36.95 q 3.2 -35.6 2.25 -34.65 q 1.3 -33.7 -0.05 -33.7 q -1.4 -33.7 -2.35 -34.65 q -3.3 -35.6 -3.3 -36.95 q -3.3 -38.3 -2.35 -39.25 q -1.4 -40.2 -0.05 -40.2 q 1.3 -40.2 2.25 -39.25 q 3.2 -38.3 3.2 -36.95 h c f #333 1 m 2.25 -34.65 q 3.2 -35.6 3.2 -36.95 q 3.2 -38.3 2.25 -39.25 q 1.3 -40.2 -0.05 -40.2 q -1.4 -40.2 -2.35 -39.25 q -3.3 -38.3 -3.3 -36.95 q -3.3 -35.6 -2.35 -34.65 q -1.4 -33.7 -0.05 -33.7 q 1.3 -33.7 2.25 -34.65 c f #333 1 m 0 -79.95 l 3.2 -87.9 l 0 -95.85 l -3.2 -87.9 l 0 -79.95 m 1.25 -87.95 l 0 -84.85 l -1.25 -87.95 l 0 -91.05 l 1.25 -87.95 h c f #333 1 m 0 -84.85 l 1.25 -87.95 l 0 -91.05 l -1.25 -87.95 l 0 -84.85 c f #333 1 m 18.7 -130.85 q 18.65 -130.9 18.65 -130.95 l 18.6 -131.3 q 18.6 -131.4 18.6 -131.45 q 18.45 -132.15 18.4 -132.8 q 18.4 -133.05 18.35 -133.25 q 17.6 -141 21.1 -143.9 q 15.75 -141.95 13.55 -135.8 q 12.15 -131.95 11.95 -126.25 q 11.9 -126.15 11.95 -126.05 q 11.85 -123.1 12.1 -119.55 q 12.4 -115.35 9.3 -112.9 q 6.65 -110.8 3.25 -111 q 3.2 -111.05 3.2 -111.05 q 3 -104.95 3.95 -100.75 q 4.05 -100.25 4.2 -99.75 q 4.95 -97.1 6.2 -95.3 l 6.2 -95.25 q 13.3 -99.5 16.85 -103.4 q 16.85 -103.45 16.9 -103.5 q 17.25 -103.9 17.55 -104.25 q 21.1 -108.55 21.1 -112.8 q 21.05 -117.05 20.1 -122.7 q 19.85 -124.2 19.5 -126.2 q 19.5 -126.3 19.5 -126.35 q 19.3 -127.25 19.15 -128.25 q 19.1 -128.4 19.1 -128.5 q 18.9 -129.6 18.7 -130.85 c f 0 0 s 0.1 #333 1 m 6.2 -95.25 q 13.3 -99.5 16.85 -103.4 q 16.85 -103.45 16.9 -103.5 q 17.25 -103.9 17.55 -104.25 q 21.1 -108.55 21.1 -112.8 q 21.05 -117.05 20.1 -122.7 q 19.85 -124.2 19.5 -126.2 q 19.5 -126.3 19.5 -126.35 q 19.3 -127.25 19.15 -128.25 q 19.1 -128.4 19.1 -128.5 q 18.9 -129.6 18.7 -130.85 q 18.65 -130.9 18.65 -130.95 f 0 0 s 0.1 #333 1 m 18.6 -131.3 q 18.6 -131.4 18.6 -131.45 q 18.45 -132.15 18.4 -132.8 q 18.4 -133.05 18.35 -133.25 q 17.6 -141 21.1 -143.9 q 15.75 -141.95 13.55 -135.8 q 12.15 -131.95 11.95 -126.25 q 11.9 -126.15 11.95 -126.05 q 11.85 -123.1 12.1 -119.55 q 12.4 -115.35 9.3 -112.9 q 6.65 -110.8 3.25 -111 q 3.2 -111.05 3.2 -111.05 q 3 -104.95 3.95 -100.75 q 4.05 -100.25 4.2 -99.75 q 4.95 -97.1 6.2 -95.3 l 6.2 -95.25 q 6.7 -90.55 7.05 -84.65 f 0 0 s 0.1 #333 1 m 7.15 -82.6 q 7.2 -81.65 7.25 -80.6 q 7.5 -69 7.8 -59.65 l 7.8 -59.35 f 0 0 s 0.1 #333 1 m 7.85 -58.6 q 8.6 -37.25 9.6 -28.6 q 10.15 -23.3 10.8 -19.5 q 11 -18.25 11.25 -17.05 l 11.4 -16.15 f 0 0 s 0.1 #333 1 m 11.45 -16 q 13.8 -4.75 17.95 0.5 f 0 0 s 0.1 #333 1 m -17.95 0.5 q -13.85 -4.75 -11.5 -16 l -11.4 -16.4 q -11.1 -17.9 -10.8 -19.5 q -10.15 -23.3 -9.6 -28.6 q -8.65 -37.25 -7.85 -58.6 f 0 0 s 0.1 #333 1 m -7.85 -59.35 l -7.85 -59.65 q -7.55 -69 -7.25 -80.6 q -7.25 -81.65 -7.15 -82.6 q -7.15 -82.65 -7.15 -82.75 l -7.1 -83.7 q -6.75 -90.2 -6.2 -95.35 q -6.25 -95.35 -6.25 -95.3 l -6.25 -95.25 q -13.3 -99.5 -16.85 -103.4 l -16.9 -103.45 q -17.25 -103.8 -17.55 -104.2 q -21.15 -108.5 -21.1 -112.8 q -21.05 -117.05 -20.1 -122.7 q -19.9 -124.2 -19.55 -126.2 f 0 0 s 0.1 #333 1 m -19.15 -128.45 q -18.9 -129.8 -18.65 -131.3 q -18.65 -131.4 -18.6 -131.45 q -18.55 -131.9 -18.5 -132.3 f 0 0 s 0.1 #333 1 m -18.4 -133.2 q -17.65 -141 -21.1 -143.9 q -15.75 -141.95 -13.55 -135.8 q -12.2 -131.95 -11.95 -126.25 q -11.95 -126.15 -11.95 -126.05 q -11.9 -123.1 -12.1 -119.55 q -12.4 -115.35 -9.3 -112.9 q -6.65 -110.8 -3.25 -111 q -1.85 -114.7 0 -115 q 1.8 -114.7 3.2 -111.05 f 0 0 s 0.1 #333 1 m -3.25 -111 q -3.05 -104.95 -4 -100.75 q -4.1 -100.25 -4.25 -99.75 q -5 -97.15 -6.2 -95.35 f 0 0 s 1 #333 1 m 3.2 -87.9 l 0 -95.85 l -3.2 -87.9 l 0 -79.95 l 3.2 -87.9 f 0 0 s 1 #333 1 m 0 -84.85 l 1.25 -87.95 l 0 -91.05 l -1.25 -87.95 l 0 -84.85 f 0 0 s 1 #333 1 m 6.05 -37 q 6.05 -34.5 4.3 -32.7 q 2.5 -30.95 0 -30.95 q -2.5 -30.95 -4.3 -32.7 q -6.05 -34.5 -6.05 -37 q -6.05 -39.5 -4.3 -41.3 q -2.5 -43.05 0 -43.05 q 2.5 -43.05 4.3 -41.3 q 6.05 -39.5 6.05 -37 f 0 0 s 1 #333 1 m 3.2 -36.95 q 3.2 -35.6 2.25 -34.65 q 1.3 -33.7 -0.05 -33.7 q -1.4 -33.7 -2.35 -34.65 q -3.3 -35.6 -3.3 -36.95 q -3.3 -38.3 -2.35 -39.25 q -1.4 -40.2 -0.05 -40.2 q 1.3 -40.2 2.25 -39.25 q 3.2 -38.3 3.2 -36.95
f #333 1 m -6.95 -124.1 q -9.7 -123.85 -12.45 -127.05 q -13 -121.65 -7.05 -118.1 q -5.1 -121.55 -6.95 -124.1 c f #333 1 m 12.6 -127.05 q 9.85 -123.85 7.15 -124.1 q 5.25 -121.55 7.2 -118.1 q 13.2 -121.7 12.6 -127.05 c f #333 1 m 19.6 -174.25 q 17.6 -178.05 14.95 -180 q 11.45 -171.35 2.1 -165.7 l 2.1 -160 l 2.1 -160 l 2.1 -156.6 q 3.9 -156.1 5.3 -154.7 q 6.85 -153.15 7.3 -151.1 q 7.4 -151.7 7.45 -152.25 q 7.4 -151.7 7.3 -151.1 q 6.85 -149.05 5.3 -147.45 q 3.1 -145.25 0 -145.25 q -3.1 -145.25 -5.3 -147.45 q -6.9 -149.05 -7.3 -151.05 q -7.45 -151.65 -7.5 -152.25 q -7.45 -151.65 -7.3 -151.05 q -6.9 -153.15 -5.3 -154.7 q -3.8 -156.2 -1.95 -156.65 l -2 -160.05 l -1.95 -160.05 l -1.9 -165.7 q -11.3 -171.35 -14.8 -179.95 q -17.5 -178 -19.5 -174.15 q -19.85 -173.45 -20.2 -172.65 q -21.2 -170.5 -21.95 -167.8 q -22.2 -166.95 -22.4 -166 q -23.05 -163.4 -23.55 -160.4 l -23.6 -160.05 q -23.6 -159.9 -23.65 -159.75 q -23.8 -158.8 -23.9 -157.75 q -23.9 -157.7 -23.9 -157.65 q -22.25 -154.25 -14.85 -148.95 q -13.5 -142.3 -6.85 -137.55 q -6.85 -138.3 -6.85 -139 q -6.85 -139.7 -6.8 -140.4 q -6.85 -141.2 -6.8 -142 l -6.85 -142.05 l -6.8 -142.05 l -6.8 -142 q -6.85 -141.2 -6.8 -140.4 q -6.85 -139.7 -6.85 -139 q -6.85 -138.3 -6.85 -137.55 q -6.85 -136.75 -6.85 -135.9 q -6.9 -134.55 -6.9 -133.15 q -6.9 -131.7 -6.9 -130.2 q -6.95 -127.15 -6.95 -124.1 q -5.1 -121.55 -7.05 -118.1 q -7.1 -115.65 -7.15 -113.25 q -7.15 -112.5 -7.15 -111.7 q -7.5 -90.7 -8.2 -73.6 q -8.2 -72.8 -8.25 -72 q -8.4 -67.8 -8.6 -63.85 q -10.1 -64.3 -11.55 -64.9 q -11.65 -62.4 -11.65 -59.95 q -10.25 -59.4 -8.85 -58.95 q -9.35 -49 -10 -40.7 q -10.1 -39.6 -10.2 -38.55 q -10.45 -35.45 -10.7 -32.55 l -10.9 -30.65 q -10.9 -30.55 -10.9 -30.4 q -11.3 -26.9 -11.65 -23.75 q -11.8 -22.7 -11.95 -21.65 q -12.3 -19.1 -12.65 -16.75 l -12.8 -15.65 q -12.85 -15.45 -12.9 -15.2 q -13.8 -10.1 -14.75 -6.5 l -15.1 -5.4 q -15.15 -5.2 -15.2 -4.95 q -16.35 -1.45 -17.6 0.25 q -9.5 -3.4 0 -3.4 q 9.65 -3.4 17.85 0.4 q 16.5 -1.3 15.35 -5.1 q 15.1 -5.85 14.9 -6.7 q 13.45 -11.8 12.35 -20 q 12.2 -21 12.05 -22 q 11.85 -23.7 11.65 -25.5 l 11.55 -26.3 q 11.4 -27.5 11.25 -28.75 q 11.15 -29.75 11.05 -30.8 l 11.05 -30.8 q 10.75 -33.75 10.5 -36.95 q 10.4 -37.95 10.3 -39 q 9.55 -47.95 9 -58.85 q 10.4 -59.25 11.85 -59.7 q 11.85 -62.3 11.85 -64.9 q 10.25 -64.35 8.75 -63.9 q 8.55 -67.75 8.4 -71.8 q 8.4 -72.1 8.4 -72.4 l 8.35 -73.35 q 7.75 -88.45 7.4 -106.6 q 7.4 -107.35 7.4 -108.15 q 7.35 -109.9 7.3 -111.7 q 7.3 -112.5 7.3 -113.25 q 7.25 -115.65 7.2 -118.1 q 5.25 -121.55 7.15 -124.1 q 7.1 -127.05 7.1 -130.05 q 7.05 -131.6 7.05 -133.15 q 7.05 -134.45 7.05 -135.75 q 7 -136.65 7 -137.55 q 7 -138.25 7 -138.95 l 7 -139 q 7 -139.75 7 -140.4 q 7 -141.25 7 -142 l 7 -142.05 l 7.05 -142.1 l 7 -142 q 7 -141.25 7 -140.4 q 7 -139.75 7 -139 l 7 -138.95 q 7 -138.25 7 -137.55 q 13.6 -142.3 15 -148.95 q 22.35 -154.25 24.05 -157.7 q 24.05 -157.75 24.1 -157.75 q 23.95 -158.85 23.8 -159.85 q 23.65 -160.65 23.55 -161.4 q 23.1 -163.95 22.55 -166.15 l 22.35 -166.9 q 21.45 -170.25 20.3 -172.8 q 20.2 -173.05 20.1 -173.25 l 19.6 -174.25 m 3.1 -122.4 q 3.5 -118.75 0.1 -118.05 q -3.35 -118.8 -2.9 -122.35 l -0.05 -127.8 l 3.1 -122.4 h c f #333 1 m 0.1 -118.05 q 3.5 -118.75 3.1 -122.4 l -0.05 -127.8 l -2.9 -122.35 q -3.35 -118.8 0.1 -118.05 c f 0 0 s 0.1 #333 1 m -21.95 -167.8 q -21.2 -170.5 -20.2 -172.65 q -19.85 -173.45 -19.5 -174.15 q -17.5 -178 -14.8 -179.95 q -11.3 -171.35 -1.9 -165.7 l -1.95 -160.05 l -2 -160.05 l -1.95 -156.65 q -3.8 -156.2 -5.3 -154.7 q -6.9 -153.15 -7.3 -151.05 q -6.9 -149.05 -5.3 -147.45 q -3.1 -145.25 0 -145.25 q 3.1 -145.25 5.3 -147.45 q 6.85 -149.05 7.3 -151.1 q 6.85 -153.15 5.3 -154.7 q 3.9 -156.1 2.1 -156.6 l 2.1 -160 l 2.1 -160 l 2.1 -165.7 q 11.45 -171.35 14.95 -180 q 17.6 -178.05 19.6 -174.25 l 20.1 -173.25 f 0 0 s 0.1 #333 1 m 20.3 -172.8 q 21.45 -170.25 22.35 -166.9 l 22.55 -166.15 q 23.1 -163.95 23.55 -161.4 q 23.65 -160.65 23.8 -159.85 q 23.95 -158.85 24.1 -157.75 q 24.05 -157.75 24.05 -157.7 q 22.35 -154.25 15 -148.95 q 13.6 -142.3 7 -137.55 q 7 -136.65 7.05 -135.75 q 7.05 -134.45 7.05 -133.15 q 7.05 -131.6 7.1 -130.05 q 7.1 -127.05 7.15 -124.1 q 9.85 -123.85 12.6 -127.05 q 13.2 -121.7 7.2 -118.1 q 7.25 -115.65 7.3 -113.25 q 7.3 -112.5 7.3 -111.7 q 7.35 -109.9 7.4 -108.15 q 7.4 -107.35 7.4 -106.6 q 7.75 -88.45 8.35 -73.35 l 8.4 -72.4 f 0 0 s 0.1 #333 1 m 8.4 -71.8 q 8.55 -67.75 8.75 -63.9 f 0 0 s 0.1 #333 1 m 9 -58.85 q 9.55 -47.95 10.3 -39 q 10.4 -37.95 10.5 -36.95 q 10.75 -33.75 11.05 -30.8 l 11.05 -30.8 f 0 0 s 0.1 #333 1 m 11.25 -28.75 q 11.4 -27.5 11.55 -26.3 l 11.65 -25.5 q 11.85 -23.7 12.05 -22 q 12.2 -21 12.35 -20 q 13.45 -11.8 14.9 -6.7 f 0 0 s 0.1 #333 1 m 15.35 -5.1 q 16.5 -1.3 17.85 0.4 f 0 0 s 0.1 #333 1 m -17.6 0.25 q -16.35 -1.45 -15.2 -4.95 f 0 0 s 0.1 #333 1 m -15.1 -5.4 l -14.75 -6.5 q -13.8 -10.1 -12.9 -15.2 f 0 0 s 0.1 #333 1 m -12.8 -15.65 l -12.65 -16.75 q -12.3 -19.1 -11.95 -21.65 f 0 0 s 0.1 #333 1 m -11.65 -23.75 q -11.3 -26.9 -10.9 -30.4 f 0 0 s 0.1 #333 1 m -10.9 -30.65 l -10.7 -32.55 q -10.45 -35.45 -10.2 -38.55 q -10.1 -39.6 -10 -40.7 q -9.35 -49 -8.85 -58.95 f 0 0 s 0.1 #333 1 m -8.6 -63.85 q -8.4 -67.8 -8.25 -72 f 0 0 s 0.1 #333 1 m -8.2 -73.6 q -7.5 -90.7 -7.15 -111.7 q -7.15 -112.5 -7.15 -113.25 q -7.1 -115.65 -7.05 -118.1 q -13 -121.65 -12.45 -127.05 q -9.7 -123.85 -6.95 -124.1 q -6.95 -127.15 -6.9 -130.2 q -6.9 -131.7 -6.9 -133.15 q -6.9 -134.55 -6.85 -135.9 q -6.85 -136.75 -6.85 -137.55 q -13.5 -142.3 -14.85 -148.95 q -22.25 -154.25 -23.9 -157.65 q -23.9 -157.7 -23.9 -157.75 q -23.8 -158.8 -23.65 -159.75 q -23.6 -159.9 -23.6 -160.05 l -23.55 -160.4 q -23.05 -163.4 -22.4 -166 f 0 0 s 0.1 #333 1 m 7.45 -152.25 q 7.4 -151.7 7.3 -151.1 f 0 0 s 0.1 #333 1 m 7 -142 q 7 -141.25 7 -140.4 q 7 -139.75 7 -139 l 7 -138.95 q 7 -138.25 7 -137.55 f 0 0 s 0.1 #333 1 m 7 -142 l 7 -142.05 l 7.05 -142.1 l 7 -142 f 0 0 s 0.1 #333 1 m 3.1 -122.4 l -0.05 -127.8 l -2.9 -122.35 q -3.35 -118.8 0.1 -118.05 q 3.5 -118.75 3.1 -122.4 f 0 0 s 0.1 #333 1 m 7.15 -124.1 q 5.25 -121.55 7.2 -118.1 f 0 0 s 0.1 #333 1 m -7.3 -151.05 q -7.45 -151.65 -7.5 -152.25 f 0 0 s 0.1 #333 1 m -6.8 -142 l -6.85 -142.05 l -6.8 -142.05 l -6.8 -142 q -6.85 -141.2 -6.8 -140.4 q -6.85 -139.7 -6.85 -139 q -6.85 -138.3 -6.85 -137.55 f 0 0 s 0.1 #333 1 m -6.95 -124.1 q -5.1 -121.55 -7.05 -118.1
f #333 1 m -13 -135.85 l -13 -135.9 q -14.25 -140.25 -13 -144.65 q -13.55 -147.4 -14.85 -150.15 q -19.5 -140.25 -14.85 -130.4 q -13.55 -133.15 -13 -135.85 c f #333 1 m -7.85 -145.4 q -8.2 -145.4 -8.55 -145.35 q -10.8 -145.1 -13 -144.65 q -14.25 -140.25 -13 -135.9 q -10.95 -136.3 -8.8 -136.55 q -8.75 -136.55 -8.65 -136.55 l -8.6 -136.55 q -8.35 -136.6 -8.05 -136.6 q -8.65 -141.05 -7.85 -145.4 c f #333 1 m -7.85 -145.45 l -7.85 -145.4 q -8.65 -141.05 -8.05 -136.6 q -8 -135.95 -7.85 -135.25 q -7.15 -131.5 -5.35 -127.75 q -3.65 -131.35 -2.95 -134.95 q -2.75 -136 -2.6 -137.05 q -2.05 -141.45 -3 -145.8 q -3.7 -149.35 -5.35 -152.85 q -7.1 -149.15 -7.85 -145.45 c f #333 1 m -8 -170.85 q -8.05 -169.05 -8.1 -167.25 q -7.4 -168.6 -6.75 -169.9 q -7.4 -170.4 -8 -170.85 c f #333 1 m 12.9 -135.85 q 13.45 -133.15 14.75 -130.4 q 19.4 -140.25 14.75 -150.15 q 13.45 -147.4 12.9 -144.65 q 14.15 -140.3 12.9 -135.9 l 12.9 -135.85 c f #333 1 m 2.5 -137.05 q 1.95 -141.45 2.9 -145.8 q -0.05 -145.95 -3 -145.8 q -2.05 -141.45 -2.6 -137.05 q -0.05 -137.2 2.5 -137.05 c f #333 1 m 8 -136.65 q 8.6 -141.05 7.75 -145.45 q 7 -149.15 5.25 -152.85 q 3.6 -149.35 2.9 -145.8 q 1.95 -141.45 2.5 -137.05 q 2.6 -136 2.85 -134.95 q 3.55 -131.35 5.25 -127.75 q 7.05 -131.5 7.75 -135.25 q 7.9 -135.95 8 -136.65 c f #333 1 m 8.75 -136.6 q 8.7 -136.6 8.65 -136.6 q 8.3 -136.65 8 -136.65 q 7.9 -135.95 7.75 -135.25 q 7.05 -131.5 5.25 -127.75 q 3.55 -131.35 2.85 -134.95 q 2.6 -136 2.5 -137.05 q -0.05 -137.2 -2.6 -137.05 q -2.75 -136 -2.95 -134.95 q -3.65 -131.35 -5.35 -127.75 q -7.15 -131.5 -7.85 -135.25 q -8 -135.95 -8.05 -136.6 q -8.35 -136.6 -8.6 -136.55 l -8.65 -136.55 q -8.75 -136.55 -8.8 -136.55 q -10.95 -136.3 -13 -135.9 q -10.95 -135.6 -8.8 -135.4 q -9 -130.1 -9.15 -125 q -9.2 -124.2 -9.2 -123.35 q -9.3 -121.05 -9.4 -118.75 q -9.4 -118 -9.45 -117.2 q -9.5 -115.25 -9.6 -113.35 q -9.65 -112.45 -9.65 -111.55 q -9.8 -108.95 -9.9 -106.4 q -9.95 -105.55 -9.95 -104.65 q -11.05 -80 -12.65 -60.6 q -15.6 -61.85 -17.05 -63.75 l -17.6 -58.45 q -17.75 -57.6 -17.95 -56.55 q -16.75 -53.85 -13.4 -52.2 q -17.4 -9.85 -24.1 3.95 q -21.1 1.85 -17.9 0.4 q -13.4 -5 -11 -17.2 l -10.9 -17.75 q -10.85 -18 -10.8 -18.25 q -10.15 -21.8 -9.55 -26.8 q -8.65 -34.65 -7.85 -46.1 q -7.85 -46.75 -7.8 -47.35 q -7.75 -47.9 -7.7 -48.45 q -7.65 -49.45 -7.6 -50.35 q -7.3 -55.1 -7 -59.05 q -6.45 -67.6 -6 -72.75 q -5.95 -73.4 -5.9 -73.95 q -5.7 -76.25 -5.55 -77.75 q -5.25 -80.65 -4.9 -83.35 l -4.85 -83.75 q -4.75 -84.85 -4.55 -85.95 q -4.75 -84.85 -4.85 -83.75 l -4.9 -83.35 q -5.25 -80.65 -5.55 -77.75 q -5.7 -76.25 -5.9 -73.95 q -5.95 -73.4 -6 -72.75 q -6.45 -67.6 -7 -59.05 q -7.3 -55.1 -7.6 -50.35 q -7.65 -49.45 -7.7 -48.45 q -7.75 -47.9 -7.8 -47.35 q -7.85 -46.75 -7.85 -46.1 q -8.65 -34.65 -9.55 -26.8 q -10.15 -21.8 -10.8 -18.25 q -10.85 -18 -10.9 -17.75 l -11 -17.2 q -13.4 -5 -17.9 0.4 q -14.4 0.95 -10.85 1.3 l -10.85 1.35 l -10.45 1.35 q 0.15 2.35 10.8 1.35 l 10.9 1.35 q 14.4 1 17.95 0.45 q 13.4 -4.9 11.05 -16.95 q 13.4 -4.9 17.95 0.45 q 21.1 1.9 24.1 4 q 17.4 -9.75 13.4 -51.9 q 16.75 -53.6 17.95 -56.55 q 17.75 -57.4 17.75 -58.45 l 17.05 -63.55 q 15.55 -61.55 12.65 -60.3 q 11.05 -79.8 9.95 -104.65 q 9.9 -105.55 9.85 -106.45 q 9.75 -109 9.65 -111.55 q 9.6 -112.45 9.55 -113.35 q 9.45 -115.25 9.4 -117.15 q 9.35 -117.95 9.35 -118.75 l 9.35 -118.8 q 9.25 -121.05 9.2 -123.35 q 9.15 -123.7 9.15 -123.95 l 9.15 -125 q 8.95 -130.1 8.8 -135.35 q 10.85 -135.6 12.9 -135.85 l 12.9 -135.9 q 10.8 -136.3 8.75 -136.6 m 0.35 -106.45 q 0.15 -107.1 0 -107.7 q -0.2 -107.1 -0.4 -106.45 q -0.6 -105.85 -0.75 -105.2 q -2.8 -97.8 -4.25 -88.15 q -2.8 -97.8 -0.75 -105.2 q -0.6 -105.85 -0.4 -106.45 q -0.2 -107.1 0 -107.7 l 0 -108 l 0 -107.7 q 0.15 -107.1 0.35 -106.45 q 0.55 -105.85 0.7 -105.2 q 2.8 -97.75 4.25 -88.1 q 2.8 -97.75 0.7 -105.2 q 0.55 -105.85 0.35 -106.45 h m 5.55 -77.75 q 5.25 -80.4 4.95 -82.9 l 4.85 -83.7 q 4.65 -85 4.5 -86.3 q 4.35 -87.1 4.25 -87.85 q 4.35 -87.1 4.5 -86.3 q 4.65 -85 4.85 -83.7 l 4.95 -82.9 q 5.25 -80.4 5.55 -77.75 q 5.7 -76.25 5.9 -73.9 q 5.9 -73.3 6 -72.6 q 6.4 -67.45 7 -58.85 q 7.25 -54.9 7.55 -50.15 q 7.6 -49.35 7.7 -48.45 q 7.7 -47.9 7.75 -47.35 q 7.8 -46.75 7.85 -46.1 q 8.65 -34.65 9.6 -26.8 q 10.15 -21.8 10.8 -18.25 q 10.8 -18 10.9 -17.75 q 10.8 -18 10.8 -18.25 q 10.15 -21.8 9.6 -26.8 q 8.65 -34.65 7.85 -46.1 q 7.8 -46.75 7.75 -47.35 q 7.7 -47.9 7.7 -48.45 q 7.6 -49.35 7.55 -50.15 q 7.25 -54.9 7 -58.85 q 6.4 -67.45 6 -72.6 q 5.9 -73.3 5.9 -73.9 q 5.7 -76.25 5.55 -77.75 h m 4.3 -35.55 q 6.05 -33.75 6.05 -31.25 q 6.05 -28.75 4.3 -26.95 q 2.5 -25.2 0 -25.2 q -2.5 -25.2 -4.3 -26.95 q -6.05 -28.75 -6.05 -31.25 q -6.05 -33.75 -4.3 -35.55 q -2.5 -37.3 0 -37.3 q 2.5 -37.3 4.3 -35.55 h c f #333 1 m 6.05 -31.25 q 6.05 -33.75 4.3 -35.55 q 2.5 -37.3 0 -37.3 q -2.5 -37.3 -4.3 -35.55 q -6.05 -33.75 -6.05 -31.25 q -6.05 -28.75 -4.3 -26.95 q -2.5 -25.2 0 -25.2 q 2.5 -25.2 4.3 -26.95 q 6.05 -28.75 6.05 -31.25 m 3.2 -31.2 q 3.2 -29.85 2.25 -28.9 q 1.3 -27.95 -0.05 -27.95 q -1.4 -27.95 -2.35 -28.9 q -3.3 -29.85 -3.3 -31.2 q -3.3 -32.55 -2.35 -33.5 q -1.4 -34.45 -0.05 -34.45 q 1.3 -34.45 2.25 -33.5 q 3.2 -32.55 3.2 -31.2 h c f #333 1 m 2.25 -28.9 q 3.2 -29.85 3.2 -31.2 q 3.2 -32.55 2.25 -33.5 q 1.3 -34.45 -0.05 -34.45 q -1.4 -34.45 -2.35 -33.5 q -3.3 -32.55 -3.3 -31.2 q -3.3 -29.85 -2.35 -28.9 q -1.4 -27.95 -0.05 -27.95 q 1.3 -27.95 2.25 -28.9 c f #333 1 m 8.65 -136.6 q 8.7 -136.6 8.75 -136.6 q 10.8 -136.3 12.9 -135.9 q 14.15 -140.3 12.9 -144.65 q 10.7 -145.1 8.55 -145.35 q 8.1 -145.45 7.75 -145.45 q 8.6 -141.05 8 -136.65 q 8.3 -136.65 8.65 -136.6 c f #333 1 m 8.15 -161.45 q 3.95 -163.2 0 -165.5 q -4 -163.2 -8.2 -161.45 q -8.35 -153.2 -8.55 -145.35 q -8.2 -145.4 -7.85 -145.4 l -7.85 -145.45 q -7.1 -149.15 -5.35 -152.85 q -3.7 -149.35 -3 -145.8 q -0.05 -145.95 2.9 -145.8 q 3.6 -149.35 5.25 -152.85 q 7 -149.15 7.75 -145.45 q 8.1 -145.45 8.55 -145.35 q 8.3 -153.2 8.15 -161.45 c f #333 1 m 8.05 -167.25 q 8 -169.05 8 -170.85 q 7.35 -170.4 6.75 -169.9 q 7.35 -168.6 8.05 -167.25 c f #333 1 m 5.85 -169.25 q 3 -167.25 0 -165.5 q 3.95 -163.2 8.15 -161.45 q 10.1 -160.65 12.1 -159.9 l 12.05 -160 q 9.9 -163.65 8.05 -167.25 q 7.35 -168.6 6.75 -169.9 q 6.3 -169.6 5.85 -169.25 c f #333 1 m 13.9 -215.3 l 13.3 -215.85 q 13.1 -216 12.95 -216.1 q 10.7 -216.75 10.75 -214.45 l 10.65 -211.55 q 10.6 -209.25 8.95 -207.5 q 7.4 -205.9 4.05 -204.3 q 2.65 -207.15 0 -207.7 q -2.65 -207.15 -4.05 -204.3 q -7.4 -205.9 -8.9 -207.5 q -10.6 -209.25 -10.65 -211.55 l -10.75 -214.45 q -10.7 -216.7 -12.95 -216.1 q -18.65 -211.7 -15.2 -207.25 q -11.95 -202.9 -4.05 -202.55 q -2.65 -194.5 0 -186.4 q 2.6 -194.5 4.05 -202.55 q 11.95 -202.9 15.2 -207.25 q 18.3 -211.3 13.9 -215.3 c f #333 1 m 13.3 -215.85 l 13.9 -215.3 q 18.3 -211.3 15.2 -207.25 q 11.95 -202.9 4.05 -202.55 q 2.6 -194.5 0 -186.4 q -0.75 -184.15 -1.6 -181.85 q -3.7 -176.35 -6.35 -170.85 q -3.7 -176.35 -1.6 -181.85 q -0.75 -184.15 0 -186.4 q -2.65 -194.5 -4.05 -202.55 q -11.95 -202.9 -15.2 -207.25 q -18.65 -211.7 -12.95 -216.1 l -17.45 -214.65 l -17.45 -214.7 q -27 -207 -27.45 -191.85 q -25 -188.2 -22.3 -184.9 l -22.3 -184.8 q -20.85 -183.05 -19.35 -181.4 l -19.35 -181.45 q -14.05 -175.5 -8 -170.85 q -7.4 -170.4 -6.75 -169.9 q -7.4 -168.6 -8.1 -167.25 q -9.95 -163.65 -12.05 -160 l -12.1 -159.9 q -10.15 -160.65 -8.2 -161.45 q -4 -163.2 0 -165.5 q 3 -167.25 5.85 -169.25 q 6.3 -169.6 6.75 -169.9 q 7.35 -170.4 8 -170.85 q 14 -175.5 19.35 -181.45 l 19.35 -181.4 q 20.85 -183.05 22.3 -184.8 l 22.3 -184.9 q 24.95 -188.2 27.45 -191.85 q 27 -207 17.45 -214.7 l 17.45 -214.65 l 12.95 -216.1 q 13.1 -216 13.3 -215.85 c f 0 0 s 0.1 #333 1 m 12.95 -216.1 q 13.1 -216 13.3 -215.85 l 13.9 -215.3 q 18.3 -211.3 15.2 -207.25 q 11.95 -202.9 4.05 -202.55 q 2.6 -194.5 0 -186.4 q -0.75 -184.15 -1.6 -181.85 q -3.7 -176.35 -6.35 -170.85 f 0 0 s 0.1 #333 1 m -22.3 -184.9 q -25 -188.2 -27.45 -191.85 q -27 -207 -17.45 -214.7 l -17.45 -214.65 l -12.95 -216.1 q -10.7 -216.7 -10.75 -214.45 l -10.65 -211.55 q -10.6 -209.25 -8.9 -207.5 q -7.4 -205.9 -4.05 -204.3 q -2.65 -207.15 0 -207.7 q 2.65 -207.15 4.05 -204.3 q 7.4 -205.9 8.95 -207.5 q 10.6 -209.25 10.65 -211.55 l 10.75 -214.45 q 10.7 -216.75 12.95 -216.1 l 17.45 -214.65 l 17.45 -214.7 q 27 -207 27.45 -191.85 q 24.95 -188.2 22.3 -184.9 f 0 0 s 0.1 #333 1 m 19.35 -181.45 q 14 -175.5 8 -170.85 q 8 -169.05 8.05 -167.25 q 9.9 -163.65 12.05 -160 l 12.1 -159.9 q 10.1 -160.65 8.15 -161.45 q 8.3 -153.2 8.55 -145.35 q 10.7 -145.1 12.9 -144.65 q 13.45 -147.4 14.75 -150.15 q 19.4 -140.25 14.75 -130.4 q 13.45 -133.15 12.9 -135.85 q 10.85 -135.6 8.8 -135.35 q 8.95 -130.1 9.15 -125 l 9.15 -123.95 f 0 0 s 0.1 #333 1 m 9.2 -123.35 q 9.25 -121.05 9.35 -118.8 l 9.35 -118.75 f 0 0 s 0.1 #333 1 m 9.4 -117.15 q 9.45 -115.25 9.55 -113.35 q 9.6 -112.45 9.65 -111.55 q 9.75 -109 9.85 -106.45 f 0 0 s 0.1 #333 1 m 9.95 -104.65 q 11.05 -79.8 12.65 -60.3 f 0 0 s 0.1 #333 1 m 13.4 -51.9 q 17.4 -9.75 24.1 4 f 0 0 s 0.1 #333 1 m 17.95 0.45 q 14.4 1 10.9 1.35 f 0 0 s 0.1 #333 1 m 10.8 1.35 q 0.15 2.35 -10.45 1.35 f 0 0 s 0.1 #333 1 m -10.85 1.3 q -14.4 0.95 -17.9 0.4 f 0 0 s 0.1 #333 1 m -24.1 3.95 q -17.4 -9.85 -13.4 -52.2 f 0 0 s 0.1 #333 1 m -12.65 -60.6 q -11.05 -80 -9.95 -104.65 q -9.95 -105.55 -9.9 -106.4 q -9.8 -108.95 -9.65 -111.55 q -9.65 -112.45 -9.6 -113.35 q -9.5 -115.25 -9.45 -117.2 f 0 0 s 0.1 #333 1 m -9.4 -118.75 q -9.3 -121.05 -9.2 -123.35 q -9.2 -124.2 -9.15 -125 q -9 -130.1 -8.8 -135.4 q -10.95 -135.6 -13 -135.9 l -13 -135.85 q -13.55 -133.15 -14.85 -130.4 q -19.5 -140.25 -14.85 -150.15 q -13.55 -147.4 -13 -144.65 q -10.8 -145.1 -8.55 -145.35 q -8.35 -153.2 -8.2 -161.45 q -10.15 -160.65 -12.1 -159.9 l -12.05 -160 q -9.95 -163.65 -8.1 -167.25 q -8.05 -169.05 -8 -170.85 q -14.05 -175.5 -19.35 -181.45 f 0 0 s 0.1 #333 1 m 8.05 -167.25 q 7.35 -168.6 6.75 -169.9 q 6.3 -169.6 5.85 -169.25 q 3 -167.25 0 -165.5 q 3.95 -163.2 8.15 -161.45 f 0 0 s 0.1 #333 1 m 8 -170.85 q 7.35 -170.4 6.75 -169.9 f 0 0 s 0.1 #333 1 m 8.55 -145.35 q 8.1 -145.45 7.75 -145.45 q 8.6 -141.05 8 -136.65 q 8.3 -136.65 8.65 -136.6 q 8.7 -136.6 8.75 -136.6 q 10.8 -136.3 12.9 -135.9 q 14.15 -140.3 12.9 -144.65 f 0 0 s 0.1 #333 1 m 2.5 -137.05 q 1.95 -141.45 2.9 -145.8 q -0.05 -145.95 -3 -145.8 q -2.05 -141.45 -2.6 -137.05 q -0.05 -137.2 2.5 -137.05 q 2.6 -136 2.85 -134.95 q 3.55 -131.35 5.25 -127.75 q 7.05 -131.5 7.75 -135.25 q 7.9 -135.95 8 -136.65 f 0 0 s 0.1 #333 1 m 12.9 -135.9 l 12.9 -135.85 f 0 0 s 0.1 #333 1 m 4.25 -88.1 q 2.8 -97.75 0.7 -105.2 q 0.55 -105.85 0.35 -106.45 q 0.15 -107.1 0 -107.7 q -0.2 -107.1 -0.4 -106.45 q -0.6 -105.85 -0.75 -105.2 q -2.8 -97.8 -4.25 -88.15 f 0 0 s 0.1 #333 1 m 0 -108 l 0 -107.7 f 0 0 s 0.1 #333 1 m 2.9 -145.8 q 3.6 -149.35 5.25 -152.85 q 7 -149.15 7.75 -145.45 f 0 0 s 0.1 #333 1 m 10.9 -17.75 q 10.8 -18 10.8 -18.25 q 10.15 -21.8 9.6 -26.8 q 8.65 -34.65 7.85 -46.1 q 7.8 -46.75 7.75 -47.35 q 7.7 -47.9 7.7 -48.45 q 7.6 -49.35 7.55 -50.15 q 7.25 -54.9 7 -58.85 q 6.4 -67.45 6 -72.6 q 5.9 -73.3 5.9 -73.9 q 5.7 -76.25 5.55 -77.75 q 5.25 -80.4 4.95 -82.9 l 4.85 -83.7 q 4.65 -85 4.5 -86.3 q 4.35 -87.1 4.25 -87.85 f 0 0 s 0.1 #333 1 m 0 -186.4 q -2.65 -194.5 -4.05 -202.55 q -11.95 -202.9 -15.2 -207.25 q -18.65 -211.7 -12.95 -216.1 f 0 0 s 0.1 #333 1 m -8 -170.85 q -7.4 -170.4 -6.75 -169.9 q -7.4 -168.6 -8.1 -167.25 f 0 0 s 0.1 #333 1 m -3 -145.8 q -3.7 -149.35 -5.35 -152.85 q -7.1 -149.15 -7.85 -145.45 l -7.85 -145.4 q -8.65 -141.05 -8.05 -136.6 q -8 -135.95 -7.85 -135.25 q -7.15 -131.5 -5.35 -127.75 q -3.65 -131.35 -2.95 -134.95 q -2.75 -136 -2.6 -137.05 f 0 0 s 0.1 #333 1 m -8.55 -145.35 q -8.2 -145.4 -7.85 -145.4 f 0 0 s 0.1 #333 1 m -13 -144.65 q -14.25 -140.25 -13 -135.9 q -10.95 -136.3 -8.8 -136.55 q -8.75 -136.55 -8.65 -136.55 l -8.6 -136.55 q -8.35 -136.6 -8.05 -136.6 f 0 0 s 0.1 #333 1 m -4.55 -85.95 q -4.75 -84.85 -4.85 -83.75 l -4.9 -83.35 q -5.25 -80.65 -5.55 -77.75 q -5.7 -76.25 -5.9 -73.95 q -5.95 -73.4 -6 -72.75 q -6.45 -67.6 -7 -59.05 q -7.3 -55.1 -7.6 -50.35 q -7.65 -49.45 -7.7 -48.45 q -7.75 -47.9 -7.8 -47.35 q -7.85 -46.75 -7.85 -46.1 q -8.65 -34.65 -9.55 -26.8 q -10.15 -21.8 -10.8 -18.25 q -10.85 -18 -10.9 -17.75 l -11 -17.2 q -13.4 -5 -17.9 0.4 f 0 0 s 0.1 #333 1 m 0 -165.5 q -4 -163.2 -8.2 -161.45 f 0 0 s 0.1 #333 1 m 17.95 0.45 q 13.4 -4.9 11.05 -16.95 f 0 0 s 1 #333 1 m 6.05 -31.25 q 6.05 -28.75 4.3 -26.95 q 2.5 -25.2 0 -25.2 q -2.5 -25.2 -4.3 -26.95 q -6.05 -28.75 -6.05 -31.25 q -6.05 -33.75 -4.3 -35.55 q -2.5 -37.3 0 -37.3 q 2.5 -37.3 4.3 -35.55 q 6.05 -33.75 6.05 -31.25 f 0 0 s 1 #333 1 m 3.2 -31.2 q 3.2 -29.85 2.25 -28.9 q 1.3 -27.95 -0.05 -27.95 q -1.4 -27.95 -2.35 -28.9 q -3.3 -29.85 -3.3 -31.2 q -3.3 -32.55 -2.35 -33.5 q -1.4 -34.45 -0.05 -34.45 q 1.3 -34.45 2.25 -33.5 q 3.2 -32.55 3.2 -31.2
f #333 1 m 14.1 -97.2 l 11.5 -98 q 12.45 -87.35 10.5 -77 l 10 -77 l 10 -76.5 l 9 -76.5 l 9 -76 l 8 -75.5 l 8 -74.5 l 4.15 -74.6 l 4 -79 q 6.15 -87.05 5 -96 l 7.9 -94.4 q 7.3 -104.15 -0.85 -108.4 q -6.5 -103.15 -8.5 -95.5 l -7.4 -94.5 l -4.5 -96.5 l -4.25 -96.1 l -4 -85.5 l -4.5 -85.5 l -4.5 -73 l -10 -74 q -11.25 -76.15 -10.9 -78.3 q -9.7 -86 -12 -92.5 q -11.45 -94.55 -12.5 -96.25 q -16.15 -94.7 -18.5 -91.5 l -18.5 -90.5 l -20.5 -88 q -20.55 -87.75 -20.5 -87.5 q -20.15 -85.2 -22 -84 l -22 -83.5 l -20.5 -83.5 l -19 -82.15 l -18.95 -77.7 l -19.5 -77.5 l -19 -73.5 l -18 -73 l -18 -72.15 q -13.95 -67.3 -8.5 -64.4 l -7 -64.5 q -1.35 -58.5 -4.5 -49.5 q -8.7 -47.55 -13.5 -48.5 l -13.5 -48 l -14.5 -47.5 l -14.5 -46 q -10.75 -42.65 -6 -40.5 q -5.5 -33.55 -4.5 -26.5 l -5 -26.5 l -4.5 -13.5 l -5 -13.5 l -4.5 -9 l -6 -9 l -6 -7.5 l -12 -2.5 l -12 -2 l -12.5 -2 l -12 -0.2 l -11 0 l -10.35 0.9 l -9.5 1 l -8.65 2.5 q -5.4 2.95 -3.8 5.4 q -2.5 6.7 -0.75 6.95 q 10.2 7.25 10 -2.15 q 6.75 -5.1 5.2 -9.15 l 4.5 -9.5 q 5.7 -24.45 4.5 -39.5 q 9.7 -42.55 14.5 -45.85 l 14.5 -46.8 l 13.45 -48.25 q 8 -48.05 4 -52 l 4.5 -64.5 q 5.7 -64.75 6.9 -65 q 14.3 -65.95 17.5 -72 q 20.3 -77.95 17.5 -85 l 21.5 -83.5 q 19.05 -91 14.1 -97.2 c
f #333 1 m -3.05 -22.4 l -3.05 -22.45 q -1.45 -28.75 -3.05 -32.7 l -15.4 -14.7 l -15.85 -14.05 q -16.05 -12.75 -16.05 -10.3 q -16 -7.85 -15.55 -6.45 q -15.05 -5.05 -15.05 -4.7 l -15.05 -4.65 l -3.05 -22.4 c f #333 1 m -21.05 -5.4 q -21.05 -5.05 -21.1 -4.7 l -21.1 2.05 q -18.2 0.35 -15.05 -0.8 l -15.05 -4.65 l -15.05 -4.7 q -15.05 -5.05 -15.55 -6.45 q -16 -7.85 -16.05 -10.3 q -16.05 -12.75 -15.85 -14.05 l -15.85 -14.1 q -16.6 -20.2 -18.05 -26.2 q -20.5 -15.95 -21.05 -5.4 c f #333 1 m -3.05 -111.65 q -2.25 -115.3 -3.05 -118.35 l -3.2 -118.35 l -14.75 -118.35 l -15.05 -118.35 q -16.7 -114.5 -15.05 -111.65 l -14.75 -111.65 l -3.05 -111.65 m -13 -116.65 l -7.25 -116.65 l -13 -116.65 h c f #333 1 m -21.1 -110.6 q -21.05 -110.25 -21.05 -109.9 q -20.5 -99.35 -18.05 -89.1 q -15.8 -98.45 -15.05 -111.65 q -16.7 -114.5 -15.05 -118.35 l -15.05 -120.2 q -15.05 -120.55 -15.05 -120.9 q -15.6 -131.45 -18.05 -141.7 q -20.5 -131.45 -21.05 -120.9 q -21.05 -120.55 -21.1 -120.2 l -21.1 -110.6 m -18.25 -137.9 q -20 -127.95 -19.75 -112.15 q -20 -127.95 -18.25 -137.9 h c f #333 1 m 15.8 -14.1 l 15.8 -14.1 q 16 -12.75 16 -10.3 q 16 -7.9 15.5 -6.45 q 15 -5.05 15.05 -4.7 l 15.05 -4.65 l 15.05 -0.8 q 18.15 0.4 21.1 2.1 l 21.1 -4.7 q 21.05 -5.05 21.05 -5.4 q 20.5 -15.95 18.05 -26.2 q 16.6 -20.2 15.8 -14.1 c f #333 1 m 15.8 -14.1 l 15.4 -14.75 l 3.05 -32.7 q 1.4 -28.75 3.05 -22.45 l 3 -22.4 l 15.05 -4.65 l 15.05 -4.7 q 15 -5.05 15.5 -6.45 q 16 -7.9 16 -10.3 q 16 -12.75 15.8 -14.1 c f #333 1 m 15.05 -111.65 q 16.7 -114.5 15.05 -118.35 l 3.2 -118.35 l 3.05 -118.35 q 2.25 -115.3 3.05 -111.65 l 15.05 -111.65 m 4.75 -116.9 l 11.75 -116.9 l 4.75 -116.9 h c f #333 1 m 15.05 -118.35 q 16.7 -114.5 15.05 -111.65 q 15.8 -98.45 18.05 -89.1 q 20.5 -99.35 21.05 -109.9 q 21.05 -110.25 21.1 -110.6 l 21.1 -120.2 q 21.05 -120.55 21.05 -120.9 q 20.5 -131.45 18.05 -141.7 q 15.6 -131.45 15.05 -120.9 q 15.05 -120.55 15.05 -120.2 l 15.05 -118.35 m 18 -137.4 q 20.25 -116.5 19.25 -104.15 q 20.25 -116.5 18 -137.4 h c f #333 1 m 2.55 -131.3 q 1.9 -136.45 0.1 -143.95 q -1.8 -136.5 -2.5 -131.3 q -3.35 -125.35 -3.2 -118.35 l -3.05 -118.35 q -2.25 -115.3 -3.05 -111.65 l -3.05 -32.7 q -1.45 -28.75 -3.05 -22.45 l -3.05 -22.4 q -3 -19.4 0 -16.15 q 3 -19.4 3 -22.4 l 3.05 -22.45 q 1.4 -28.75 3.05 -32.7 l 3.05 -111.65 q 2.25 -115.3 3.05 -118.35 l 3.2 -118.35 q 3.35 -125.3 2.55 -131.3 m -1.5 -128.4 l -0.25 -139.65 l -1.5 -128.4 h m -1.75 -125.4 l -1.75 -70.65 l -1.75 -125.4 h c f 0 0 s 0.1 #333 1 m -15.4 -14.7 l -3.05 -32.7 l -3.05 -111.65 l -14.75 -111.65 l -15.05 -111.65 q -15.8 -98.45 -18.05 -89.1 q -20.5 -99.35 -21.05 -109.9 q -21.05 -110.25 -21.1 -110.6 l -21.1 -120.2 q -21.05 -120.55 -21.05 -120.9 q -20.5 -131.45 -18.05 -141.7 q -15.6 -131.45 -15.05 -120.9 q -15.05 -120.55 -15.05 -120.2 l -15.05 -118.35 l -14.75 -118.35 l -3.2 -118.35 q -3.35 -125.35 -2.5 -131.3 q -1.8 -136.5 0.1 -143.95 q 1.9 -136.45 2.55 -131.3 q 3.35 -125.3 3.2 -118.35 l 15.05 -118.35 l 15.05 -120.2 q 15.05 -120.55 15.05 -120.9 q 15.6 -131.45 18.05 -141.7 q 20.5 -131.45 21.05 -120.9 q 21.05 -120.55 21.1 -120.2 l 21.1 -110.6 q 21.05 -110.25 21.05 -109.9 q 20.5 -99.35 18.05 -89.1 q 15.8 -98.45 15.05 -111.65 l 3.05 -111.65 l 3.05 -32.7 l 15.4 -14.75 l 15.8 -14.1 q 16.6 -20.2 18.05 -26.2 q 20.5 -15.95 21.05 -5.4 q 21.05 -5.05 21.1 -4.7 l 21.1 2.1 f 0 0 s 0.1 #333 1 m 15.05 -0.8 l 15.05 -4.65 l 3 -22.4 q 3 -19.4 0 -16.15 q -3 -19.4 -3.05 -22.4 l -15.05 -4.65 l -15.05 -0.8 f 0 0 s 0.1 #333 1 m -21.1 2.05 l -21.1 -4.7 q -21.05 -5.05 -21.05 -5.4 q -20.5 -15.95 -18.05 -26.2 q -16.6 -20.2 -15.85 -14.1 l -15.4 -14.7 l -15.85 -14.05 q -16.05 -12.75 -16.05 -10.3 q -16 -7.85 -15.55 -6.45 q -15.05 -5.05 -15.05 -4.7 l -15.05 -4.65 f 0 0 s 0.1 #333 1 m 15.05 -118.35 q 16.7 -114.5 15.05 -111.65 f 0 0 s 0.1 #333 1 m 3.05 -111.65 q 2.25 -115.3 3.05 -118.35 l 3.2 -118.35 f 0 0 s 0.1 #333 1 m 4.75 -116.9 l 11.75 -116.9 f 0 0 s 0.1 #333 1 m 18 -137.4 q 20.25 -116.5 19.25 -104.15 f 0 0 s 0.1 #333 1 m 15.4 -14.75 l 15.8 -14.1 l 15.8 -14.1 f 0 0 s 0.1 #333 1 m 3 -22.4 l 3.05 -22.45 q 1.4 -28.75 3.05 -32.7 f 0 0 s 0.1 #333 1 m 15.8 -14.1 q 16 -12.75 16 -10.3 q 16 -7.9 15.5 -6.45 q 15 -5.05 15.05 -4.7 l 15.05 -4.65 f 0 0 s 0.1 #333 1 m -1.5 -128.4 l -0.25 -139.65 f 0 0 s 0.1 #333 1 m -3.05 -111.65 q -2.25 -115.3 -3.05 -118.35 l -3.2 -118.35 f 0 0 s 0.1 #333 1 m -15.05 -118.35 q -16.7 -114.5 -15.05 -111.65 f 0 0 s 0.1 #333 1 m -13 -116.65 l -7.25 -116.65 f 0 0 s 0.1 #333 1 m -18.25 -137.9 q -20 -127.95 -19.75 -112.15 f 0 0 s 0.1 #333 1 m -3.05 -22.4 l -3.05 -22.45 q -1.45 -28.75 -3.05 -32.7 f 0 0 s 0.1 #333 1 m -15.85 -14.1 l -15.85 -14.05 f 0 0 s 0.1 #333 1 m -1.75 -125.4 l -1.75 -70.65
f #333 1 m -11.95 -44.8 l -12 -45 l -17.35 -25 l -15.2 -27.1 l -15.2 -0.75 q -12.2 -1.9 -9 -2.5 l -9 -56.05 l -11.95 -44.8 c f #333 1 m 9 -2.55 q 12.15 -1.9 15.2 -0.75 l 15.2 -27.1 l 17.35 -25 l 12 -45 l 11.95 -44.8 l 9 -56.05 l 9 -2.55 c f #333 1 m -5.65 -118.6 l -3 -116.25 l -3 -122.15 l -7.1 -125.8 l -5.65 -118.6 c f #333 1 m -12.3 -124.5 l -12.85 -130.85 l -17 -134.55 l -17.3 -146.1 l -15.1 -143.9 l -19.55 -160.55 l -24 -143.9 l -21.8 -146.15 l -21.45 -133.5 q -21.45 -133.05 -21.25 -132.6 q -21.05 -132.15 -20.7 -131.85 l -12.3 -124.5 c f #333 1 m 3.2 -105.15 l 0.25 -101.65 l -3 -105.1 l -3 -4 q -3 -3.65 -2.95 -3.3 q -1.5 -3.4 0 -3.4 q 1.55 -3.4 3.1 -3.3 q 3.2 -3.65 3.2 -4 l 3.2 -105.15 m 0.05 -99.95 l 0.05 -7.95 l 0.05 -99.95 h c f #333 1 m 3.2 -116.25 l 5.65 -118.45 l 7.15 -125.7 l 3.2 -122.15 l 3.2 -116.25 c f #333 1 m 20.75 -131.9 q 21.05 -132.2 21.3 -132.6 q 21.45 -133.05 21.45 -133.5 l 21.75 -146.15 l 24 -143.9 l 19.55 -160.55 l 15.1 -143.9 l 17.3 -146.15 l 17.05 -134.55 l 12.85 -130.8 l 12.4 -124.45 l 20.75 -131.9 m 19.5 -154.65 l 19.5 -137.15 l 19.5 -154.65 h c f #333 1 m 5.35 -150.95 l 7.55 -153.2 l 7.55 -135.35 q 7.65 -130.1 7.2 -125.7 l 7.15 -125.7 l 5.65 -118.45 l 5.7 -118.45 l 5.65 -118.4 q 4.6 -115.4 3.2 -113.15 l -0.25 -110.15 l -3 -112.95 q -4.6 -115.35 -5.65 -118.55 l -5.65 -118.6 l -5.65 -118.6 l -7.1 -125.8 l -7.1 -125.8 q -7.65 -130.15 -7.55 -135.35 l -7.55 -153.2 l -5.35 -150.95 l -10.2 -169.3 l -15.1 -150.95 l -12.9 -153.15 l -12.9 -135.4 q -12.95 -133.05 -12.85 -130.85 l -12.3 -124.5 q -10.6 -110.55 -3 -105.15 l -3 -105.1 l 0.25 -101.65 l 3.2 -105.15 l 3.2 -105.2 q 10.6 -110.6 12.4 -124.45 l 12.85 -130.8 q 12.95 -133 12.9 -135.4 l 12.9 -153.15 l 15.1 -150.95 l 10.2 -169.3 l 5.35 -150.95 m 10 -164.15 l 10 -158.65 l 10 -164.15 h m 10 -157.9 l 10 -127.55 l 10 -157.9 h m -10.75 -164.15 l -10.75 -161.15 l -10.75 -164.15 h m -10.75 -160.4 l -10.75 -129.4 l -10.75 -160.4 h c f #333 1 m 5.35 -160 l 0 -180 l -5.35 -160 l -3 -162.35 l -3 -122.15 l -3 -116.25 l -3 -112.95 l -0.25 -110.15 l 3.2 -113.15 l 3.2 -116.25 l 3.2 -122.15 l 3.2 -162.15 l 5.35 -160 m 0 -173.15 l 0 -167.15 l 0 -173.15 h m 0.25 -164.15 l 0.25 -121.9 l 0.25 -164.15 h c f 0 0 s 0.1 #333 1 m 10 -164.15 l 10 -158.65 f 0 0 s 0.1 #333 1 m 3.2 -122.15 l 3.2 -162.15 l 5.35 -160 l 0 -180 l -5.35 -160 l -3 -162.35 l -3 -122.15 l -3 -116.25 l -3 -112.95 l -0.25 -110.15 l 3.2 -113.15 l 3.2 -116.25 l 3.2 -122.15 l 7.15 -125.7 l 7.2 -125.7 q 7.65 -130.1 7.55 -135.35 l 7.55 -153.2 l 5.35 -150.95 l 10.2 -169.3 l 15.1 -150.95 l 12.9 -153.15 l 12.9 -135.4 q 12.95 -133 12.85 -130.8 l 17.05 -134.55 l 17.3 -146.15 l 15.1 -143.9 l 19.55 -160.55 l 24 -143.9 l 21.75 -146.15 l 21.45 -133.5 q 21.45 -133.05 21.3 -132.6 q 21.05 -132.2 20.75 -131.9 l 12.4 -124.45 q 10.6 -110.6 3.2 -105.2 l 3.2 -105.15 l 3.2 -4 q 3.2 -3.65 3.1 -3.3 f 0 0 s 0.1 #333 1 m -2.95 -3.3 q -3 -3.65 -3 -4 l -3 -105.1 l -3 -105.15 q -10.6 -110.55 -12.3 -124.5 l -20.7 -131.85 q -21.05 -132.15 -21.25 -132.6 q -21.45 -133.05 -21.45 -133.5 l -21.8 -146.15 l -24 -143.9 l -19.55 -160.55 l -15.1 -143.9 l -17.3 -146.1 l -17 -134.55 l -12.85 -130.85 q -12.95 -133.05 -12.9 -135.4 l -12.9 -153.15 l -15.1 -150.95 l -10.2 -169.3 l -5.35 -150.95 l -7.55 -153.2 l -7.55 -135.35 q -7.65 -130.15 -7.1 -125.8 l -7.1 -125.8 l -3 -122.15 f 0 0 s 0.1 #333 1 m 0 -173.15 l 0 -167.15 f 0 0 s 0.1 #333 1 m 12.85 -130.8 l 12.4 -124.45 f 0 0 s 0.1 #333 1 m 3.2 -116.25 l 5.65 -118.45 l 7.15 -125.7 f 0 0 s 0.1 #333 1 m 5.65 -118.45 l 5.7 -118.45 l 5.65 -118.4 q 4.6 -115.4 3.2 -113.15 f 0 0 s 0.1 #333 1 m 5.65 -118.4 l 5.65 -118.45 f 0 0 s 0.1 #333 1 m -3 -105.1 l 0.25 -101.65 l 3.2 -105.15 f 0 0 s 0.1 #333 1 m 10 -157.9 l 10 -127.55 f 0 0 s 0.1 #333 1 m 0.25 -164.15 l 0.25 -121.9 f 0 0 s 0.1 #333 1 m 19.5 -154.65 l 19.5 -137.15 f 0 0 s 0.1 #333 1 m 15.2 -0.75 l 15.2 -27.1 l 17.35 -25 l 12 -45 l 11.95 -44.8 l 9 -56.05 l 9 -2.55 f 0 0 s 0.1 #333 1 m 0.05 -99.95 l 0.05 -7.95 f 0 0 s 0.1 #333 1 m -10.75 -164.15 l -10.75 -161.15 f 0 0 s 0.1 #333 1 m -12.85 -130.85 l -12.3 -124.5 f 0 0 s 0.1 #333 1 m -3 -112.95 q -4.6 -115.35 -5.65 -118.55 l -5.65 -118.6 l -5.65 -118.6 l -7.1 -125.8 f 0 0 s 0.1 #333 1 m -5.65 -118.6 l -3 -116.25 f 0 0 s 0.1 #333 1 m -5.65 -118.6 l -5.65 -118.55 f 0 0 s 0.1 #333 1 m -10.75 -160.4 l -10.75 -129.4 f 0 0 s 0.1 #333 1 m -15.2 -0.75 l -15.2 -27.1 l -17.35 -25 l -12 -45 l -11.95 -44.8 l -9 -56.05 l -9 -2.5
f #333 1 m -26.9 -126.15 l -26.9 -125.35 q -26.15 -123.9 -19.1 -122.75 q -12.4 -121.7 -3.2 -121.55 l -3.2 -130 q -12.4 -129.85 -19.1 -128.75 q -26.15 -127.65 -26.9 -126.15 c f #333 1 m 21.65 -78.9 q 22.3 -82.5 27.1 -86.4 q 18.9 -87.35 14 -81.05 q 11.05 -77.35 10.05 -72.4 q 9.55 -69.85 9.55 -66.95 l 9.55 -66.9 q 10.45 -58.1 14 -52.65 q 17.55 -47.25 17.45 -39.95 q 17.3 -32.65 12.35 -26.2 q 10.1 -23.3 7.5 -21.6 q 6.05 -20.75 4.5 -20.2 q 2.4 -19.5 0.15 -19.45 l 0 -19.45 q -2.4 -19.5 -4.5 -20.25 q -6.1 -20.8 -7.5 -21.75 q -10.05 -23.4 -12.15 -26.2 q -17.15 -32.65 -17.25 -39.9 q -17.35 -47.2 -13.8 -52.65 q -10.25 -58.05 -9.35 -66.9 l -9.35 -66.95 q -9.35 -69.85 -9.9 -72.35 q -10.9 -77.35 -13.8 -81.05 q -18.7 -87.35 -26.9 -86.4 q -22.1 -82.5 -21.45 -78.9 q -20.6 -74.45 -25 -68.1 q -22.1 -67.45 -19.9 -68.7 q -18.2 -69.7 -17.4 -71.4 q -15.4 -68.35 -16.35 -63.8 q -17.05 -60.55 -19.85 -54.65 q -23.55 -46.8 -24.5 -44.35 q -26.8 -38.25 -26.9 -33.4 q -27.05 -23.65 -22 -17.25 q -17.55 -11.6 -10.4 -9.9 q -13.25 -4.15 -16.55 -0.2 q -8.9 -3.4 0 -3.4 q 9.05 -3.4 16.85 -0.05 q 13.45 -4.05 10.55 -9.95 q 17.75 -11.6 22.2 -17.25 q 27.25 -23.65 27.1 -33.45 q 27 -38.25 24.7 -44.35 q 23.75 -46.8 20.05 -54.65 q 17.25 -60.55 16.55 -63.8 q 15.6 -68.35 17.55 -71.4 q 18.4 -69.7 20.1 -68.7 q 22.3 -67.45 25.2 -68.1 q 20.8 -74.45 21.65 -78.9 m 9.05 -12.9 q 15.05 -14.3 18.05 -16.9 q 15.05 -14.3 9.05 -12.9 h m -18.95 -17.4 q -15.75 -11.85 -1.45 -11.4 q -15.75 -11.85 -18.95 -17.4 h c f #333 1 m 3.2 -130 q 1.6 -130 0 -130 q -1.65 -130 -3.2 -130 l -3.2 -121.55 l -3.2 -80.4 q -9.05 -75 -9.9 -72.35 q -9.35 -69.85 -9.35 -66.95 l -9.35 -66.9 q -8.45 -68.45 -7.5 -69.7 q -6.1 -71.65 -4.7 -73.1 q -3.95 -73.85 -3.2 -74.4 q -3.1 -74.5 -3 -74.55 q -2.25 -75.2 -1.5 -75.6 q -0.75 -76.1 0 -76.35 l 0 -76.45 q 0.05 -76.45 0.1 -76.4 q 0.15 -76.45 0.2 -76.45 l 0.2 -76.4 q 0.85 -76.15 1.5 -75.75 q 2.35 -75.3 3.2 -74.6 q 3.3 -74.5 3.4 -74.45 q 3.95 -74 4.5 -73.45 q 6 -72 7.5 -69.95 q 8.5 -68.6 9.55 -66.9 l 9.55 -66.95 q 9.55 -69.85 10.05 -72.4 q 10.25 -73.6 6.75 -76.75 q 3.25 -79.95 3.2 -80.5 l 3.2 -121.55 l 3.2 -130 c f #333 1 m 26.9 -125.4 l 26.9 -126.15 q 26.1 -127.65 19.1 -128.75 q 12.35 -129.85 3.2 -130 l 3.2 -121.55 q 12.35 -121.7 19.1 -122.75 q 26.1 -123.9 26.9 -125.4 c f #333 1 m 3.2 -148.75 q 1.6 -151.85 0 -155.85 q -1.65 -151.9 -3.2 -148.85 q -5.75 -144 -8.1 -141.55 q -11.45 -138.2 -16.5 -137.95 q -20.5 -137.75 -23 -141.05 q -25.6 -144.5 -26.9 -151.95 l -26.9 -126.15 q -26.15 -127.65 -19.1 -128.75 q -12.4 -129.85 -3.2 -130 q -1.65 -130 0 -130 q 1.6 -130 3.2 -130 q 12.35 -129.85 19.1 -128.75 q 26.1 -127.65 26.9 -126.15 l 26.9 -151.9 q 26.15 -147.45 23.25 -143.15 q 20 -138.35 16.5 -137.95 q 11.7 -137.45 8.15 -141.2 q 5.75 -143.7 3.2 -148.75 c f #333 1 m 3.2 -209.45 q 1.95 -211.65 0 -215.95 q -1.95 -211.65 -3.2 -209.45 q -4.9 -206.45 -6.4 -205.15 q -3.5 -204.7 -2.2 -205.05 l -2.7 -197 q -2.8 -193.15 -4.25 -190.7 q -5.65 -188.35 -8 -187.55 q -16.15 -185.3 -18.6 -189.25 q -19.7 -191 -18.2 -194.3 q -17.5 -195.75 -13.75 -201.85 q -9.9 -208 -11.05 -214.65 q -15.2 -208.5 -17.75 -208.4 q -17.45 -207.75 -16.75 -207.2 q -15.8 -206.45 -14.55 -206.5 q -15.45 -204.75 -19.9 -198.95 q -24.1 -193.5 -24.5 -192.4 q -25.85 -188.65 -24.85 -186.5 q -24.15 -185 -21.4 -183.35 q -19.75 -182.35 -16.4 -182.25 q -13.55 -182.15 -7.65 -182.7 q -4.95 -182.55 -3.2 -180.65 l -3.2 -148.85 q -1.65 -151.9 0 -155.85 q 1.6 -151.85 3.2 -148.75 l 3.2 -180.65 q 4.95 -182.55 7.65 -182.7 q 13.55 -182.15 16.4 -182.25 q 19.8 -182.35 21.4 -183.35 q 24.15 -185 24.85 -186.5 q 25.85 -188.65 24.5 -192.4 q 24.1 -193.5 19.9 -198.95 q 15.45 -204.75 14.55 -206.5 q 15.8 -206.45 16.75 -207.2 q 17.45 -207.75 17.75 -208.4 q 15.2 -208.5 11.05 -214.65 q 9.9 -208 13.75 -201.85 q 17.5 -195.75 18.2 -194.3 q 19.7 -191 18.6 -189.25 q 16.15 -185.3 8 -187.55 q 5.65 -188.35 4.25 -190.7 q 2.8 -193.15 2.7 -197 l 2.2 -205.05 q 3.5 -204.7 6.4 -205.15 q 4.9 -206.45 3.2 -209.45 c f 0 0 s 0.1 #333 1 m 3.2 -148.75 l 3.2 -180.65 q 4.95 -182.55 7.65 -182.7 q 13.55 -182.15 16.4 -182.25 q 19.8 -182.35 21.4 -183.35 q 24.15 -185 24.85 -186.5 q 25.85 -188.65 24.5 -192.4 q 24.1 -193.5 19.9 -198.95 q 15.45 -204.75 14.55 -206.5 q 15.8 -206.45 16.75 -207.2 q 17.45 -207.75 17.75 -208.4 q 15.2 -208.5 11.05 -214.65 q 9.9 -208 13.75 -201.85 q 17.5 -195.75 18.2 -194.3 q 19.7 -191 18.6 -189.25 q 16.15 -185.3 8 -187.55 q 5.65 -188.35 4.25 -190.7 q 2.8 -193.15 2.7 -197 l 2.2 -205.05 q 3.5 -204.7 6.4 -205.15 q 4.9 -206.45 3.2 -209.45 q 1.95 -211.65 0 -215.95 q -1.95 -211.65 -3.2 -209.45 q -4.9 -206.45 -6.4 -205.15 q -3.5 -204.7 -2.2 -205.05 l -2.7 -197 q -2.8 -193.15 -4.25 -190.7 q -5.65 -188.35 -8 -187.55 q -16.15 -185.3 -18.6 -189.25 q -19.7 -191 -18.2 -194.3 q -17.5 -195.75 -13.75 -201.85 q -9.9 -208 -11.05 -214.65 q -15.2 -208.5 -17.75 -208.4 q -17.45 -207.75 -16.75 -207.2 q -15.8 -206.45 -14.55 -206.5 q -15.45 -204.75 -19.9 -198.95 q -24.1 -193.5 -24.5 -192.4 q -25.85 -188.65 -24.85 -186.5 q -24.15 -185 -21.4 -183.35 q -19.75 -182.35 -16.4 -182.25 q -13.55 -182.15 -7.65 -182.7 q -4.95 -182.55 -3.2 -180.65 l -3.2 -148.85 q -1.65 -151.9 0 -155.85 q 1.6 -151.85 3.2 -148.75 q 5.75 -143.7 8.15 -141.2 q 11.7 -137.45 16.5 -137.95 q 20 -138.35 23.25 -143.15 q 26.15 -147.45 26.9 -151.9 l 26.9 -126.15 l 26.9 -125.4 q 26.1 -123.9 19.1 -122.75 q 12.35 -121.7 3.2 -121.55 l 3.2 -80.5 q 3.25 -79.95 6.75 -76.75 q 10.25 -73.6 10.05 -72.4 q 11.05 -77.35 14 -81.05 q 18.9 -87.35 27.1 -86.4 q 22.3 -82.5 21.65 -78.9 q 20.8 -74.45 25.2 -68.1 q 22.3 -67.45 20.1 -68.7 q 18.4 -69.7 17.55 -71.4 q 15.6 -68.35 16.55 -63.8 q 17.25 -60.55 20.05 -54.65 q 23.75 -46.8 24.7 -44.35 q 27 -38.25 27.1 -33.45 q 27.25 -23.65 22.2 -17.25 q 17.75 -11.6 10.55 -9.95 q 13.45 -4.05 16.85 -0.05 f 0 0 s 0.1 #333 1 m -16.55 -0.2 q -13.25 -4.15 -10.4 -9.9 q -17.55 -11.6 -22 -17.25 q -27.05 -23.65 -26.9 -33.4 q -26.8 -38.25 -24.5 -44.35 q -23.55 -46.8 -19.85 -54.65 q -17.05 -60.55 -16.35 -63.8 q -15.4 -68.35 -17.4 -71.4 q -18.2 -69.7 -19.9 -68.7 q -22.1 -67.45 -25 -68.1 q -20.6 -74.45 -21.45 -78.9 q -22.1 -82.5 -26.9 -86.4 q -18.7 -87.35 -13.8 -81.05 q -10.9 -77.35 -9.9 -72.35 q -9.05 -75 -3.2 -80.4 l -3.2 -121.55 q -12.4 -121.7 -19.1 -122.75 q -26.15 -123.9 -26.9 -125.35 l -26.9 -126.15 l -26.9 -151.95 q -25.6 -144.5 -23 -141.05 q -20.5 -137.75 -16.5 -137.95 q -11.45 -138.2 -8.1 -141.55 q -5.75 -144 -3.2 -148.85 f 0 0 s 0.1 #333 1 m -26.9 -126.15 q -26.15 -127.65 -19.1 -128.75 q -12.4 -129.85 -3.2 -130 q -1.65 -130 0 -130 q 1.6 -130 3.2 -130 q 12.35 -129.85 19.1 -128.75 q 26.1 -127.65 26.9 -126.15 f 0 0 s 0.1 #333 1 m 3.2 -121.55 l 3.2 -130 f 0 0 s 0.1 #333 1 m 0 -76.35 q 0.05 -76.4 0.1 -76.4 q 0.05 -76.45 0 -76.45 l 0 -76.35 q -0.75 -76.1 -1.5 -75.6 l -1.5 -19.9 f 0 0 s 0.1 #333 1 m 0.1 -76.4 q 0.15 -76.45 0.2 -76.45 l 0.2 -76.4 q 0.85 -76.15 1.5 -75.75 q 2.35 -75.3 3.2 -74.6 q 3.3 -74.5 3.4 -74.45 q 3.95 -74 4.5 -73.45 q 6 -72 7.5 -69.95 q 8.5 -68.6 9.55 -66.9 l 9.55 -66.95 q 9.55 -69.85 10.05 -72.4 f 0 0 s 0.1 #333 1 m 0.2 -76.4 q 0.15 -76.4 0.1 -76.4 f 0 0 s 0.1 #333 1 m 9.55 -66.9 q 10.45 -58.1 14 -52.65 q 17.55 -47.25 17.45 -39.95 q 17.3 -32.65 12.35 -26.2 q 10.1 -23.3 7.5 -21.6 q 6.05 -20.75 4.5 -20.2 q 2.4 -19.5 0.15 -19.45 l 0 -19.45 q -2.4 -19.5 -4.5 -20.25 q -6.1 -20.8 -7.5 -21.75 q -10.05 -23.4 -12.15 -26.2 q -17.15 -32.65 -17.25 -39.9 q -17.35 -47.2 -13.8 -52.65 q -10.25 -58.05 -9.35 -66.9 l -9.35 -66.95 q -9.35 -69.85 -9.9 -72.35 f 0 0 s 0.1 #333 1 m 9.05 -12.9 q 15.05 -14.3 18.05 -16.9 f 0 0 s 0.1 #333 1 m 1.5 -75.75 l 1.5 -19.9 f 0 0 s 0.1 #333 1 m 4.5 -73.45 l 4.5 -20.2 f 0 0 s 0.1 #333 1 m 7.5 -69.95 l 7.5 -21.6 f 0 0 s 0.1 #333 1 m -3.2 -130 l -3.2 -121.55 f 0 0 s 0.1 #333 1 m -9.35 -66.9 q -8.45 -68.45 -7.5 -69.7 q -6.1 -71.65 -4.7 -73.1 q -3.95 -73.85 -3.2 -74.4 q -3.1 -74.5 -3 -74.55 q -2.25 -75.2 -1.5 -75.6 f 0 0 s 0.1 #333 1 m -18.95 -17.4 q -15.75 -11.85 -1.45 -11.4 f 0 0 s 0.1 #333 1 m -7.5 -69.7 l -7.5 -21.75 f 0 0 s 0.1 #333 1 m -4.7 -73.1 l -4.5 -20.25
f #333 1 m 0 -107.7 q 0 -107.7 0 -107.7 q -0.45 -107.4 -0.8 -107.05 q -10.4 -98.3 -12.4 -63.5 q -12.85 -55 -13.15 -36.5 q -13.35 -22.1 -14 -18.25 q -14.95 -10.15 -15.35 -7 q -16.05 -1.9 -17.95 0.4 q -9.75 -3.4 0 -3.4 q 9.7 -3.4 17.95 0.45 q 16.05 -1.85 15.35 -7 q 14.95 -10.15 14 -18.25 q 13.35 -22.1 13.15 -36.5 q 12.85 -55 12.4 -63.5 q 10.3 -99.65 0.05 -107.65 l 0 -107.7 m 0 -37.55 l 0 -37.55 q 2.1 -37.55 3.55 -36.1 q 5 -34.65 5 -32.55 q 5 -32 4.9 -31.45 q 4.6 -30.1 3.55 -29 q 2.1 -27.6 0 -27.55 l 0 -27.55 q -2.1 -27.55 -3.55 -29 q -4.6 -30.1 -4.9 -31.45 q -5 -32 -5 -32.55 q -5 -34.65 -3.55 -36.1 q -2.1 -37.55 0 -37.55 h c f #333 1 m 0 -37.55 l 0 -37.55 q -2.1 -37.55 -3.55 -36.1 q -5 -34.65 -5 -32.55 q -5 -32 -4.9 -31.45 q -4.6 -32.8 -3.55 -33.9 q -2.1 -35.35 0 -35.35 l 0 -35.35 q 2.1 -35.35 3.55 -33.9 q 4.6 -32.8 4.9 -31.45 q 5 -32 5 -32.55 q 5 -34.65 3.55 -36.1 q 2.1 -37.55 0 -37.55 c f 0 0 s 0.1 #333 1 m 17.95 0.45 q 16.05 -1.85 15.35 -7 q 14.95 -10.15 14 -18.25 q 13.35 -22.1 13.15 -36.5 q 12.85 -55 12.4 -63.5 q 10.3 -99.65 0.05 -107.65 l 0 -107.7 q 0 -107.7 0 -107.7 q -0.45 -107.4 -0.8 -107.05 q -10.4 -98.3 -12.4 -63.5 q -12.85 -55 -13.15 -36.5 q -13.35 -22.1 -14 -18.25 q -14.95 -10.15 -15.35 -7 q -16.05 -1.9 -17.95 0.4 f 0 0 s 0.1 #333 1 m -4.9 -31.45 q -5 -32 -5 -32.55 q -5 -34.65 -3.55 -36.1 q -2.1 -37.55 0 -37.55 l 0 -37.55 q 2.1 -37.55 3.55 -36.1 q 5 -34.65 5 -32.55 q 5 -32 4.9 -31.45 q 4.6 -30.1 3.55 -29 q 2.1 -27.6 0 -27.55 l 0 -27.55 q -2.1 -27.55 -3.55 -29 q -4.6 -30.1 -4.9 -31.45 q -4.6 -32.8 -3.55 -33.9 q -2.1 -35.35 0 -35.35 l 0 -35.35 q 2.1 -35.35 3.55 -33.9 q 4.6 -32.8 4.9 -31.45
f #333 1 m -14.1 -1.8 q -14.2 -1.45 -14.25 -1.1 q -14.2 -1.1 -14.1 -1.15 q -14.15 -1.5 -14.1 -1.8 c f #333 1 m -1.55 -13.4 q -2.5 -15.45 -7 -18.95 l -7.05 -19 q -9.5 -17.15 -10.9 -15.65 q -12.15 -14.4 -12.55 -13.4 q -13.5 -11.4 -13.85 -7.55 q -14.1 -5.05 -14.1 -1.8 q -14.15 -1.5 -14.1 -1.15 q -14.05 -1.2 -13.95 -1.2 q -13.2 -1.5 -12.4 -1.7 q -11.25 -2.05 -10.05 -2.3 q -9.35 -2.5 -8.65 -2.6 q -7.9 -2.75 -7.05 -2.9 q -3.65 -3.4 0 -3.4 q -0.2 -10.45 -1.55 -13.4 c f #333 1 m 14.25 -1.05 q 14.15 -1.5 14.1 -1.9 q 14.1 -1.5 14.1 -1.1 q 14.15 -1.1 14.25 -1.05 c f #333 1 m 12.55 -13.3 q 12.1 -14.3 10.85 -15.55 q 9.45 -17.05 7.05 -18.9 l 7.05 -18.9 q 2.5 -15.35 1.55 -13.3 q 0.25 -10.65 0.05 -4.65 q 0 -4.05 0 -3.4 q 3.6 -3.4 7.05 -2.9 q 8.1 -2.75 9.15 -2.5 q 11.65 -1.95 14.1 -1.1 q 14.1 -1.5 14.1 -1.9 q 14.05 -5.05 13.85 -7.45 q 13.45 -11.35 12.55 -13.3 c f #333 1 m 0.05 -37.9 l 0 -37.95 q -4.55 -34.4 -5.5 -32.35 q -7.2 -28.75 -7.05 -19 l -7 -18.95 q -2.5 -15.45 -1.55 -13.4 q -0.2 -10.45 0 -3.4 q 0 -4.05 0.05 -4.65 q 0.25 -10.65 1.55 -13.3 q 2.5 -15.35 7.05 -18.9 q 7.15 -28.75 5.5 -32.35 q 4.55 -34.4 0.05 -37.9 c f #333 1 m 15.4 -63.95 q 15.05 -84.75 14.55 -94.3 q 12.05 -134.9 0 -144 q -12.05 -134.9 -14.55 -94.3 q -15.05 -84.75 -15.4 -63.95 q -15.65 -47.75 -16.4 -43.4 q -17.5 -34.3 -18 -30.75 q -18.8 -24.95 -21.05 -22.35 q -21.05 -22.35 -21 -22.3 q -14.65 -14.95 -13.85 -7.55 q -13.5 -11.4 -12.55 -13.4 q -12.15 -14.4 -10.9 -15.65 q -9.5 -17.15 -7.05 -19 q -7.2 -28.75 -5.5 -32.35 q -4.55 -34.4 0 -37.95 l 0.05 -37.9 q 4.55 -34.4 5.5 -32.35 q 7.15 -28.75 7.05 -18.9 l 7.05 -18.9 q 9.45 -17.05 10.85 -15.55 q 12.1 -14.3 12.55 -13.3 q 13.45 -11.35 13.85 -7.45 q 14.55 -14.9 21 -22.3 q 21 -22.35 21.05 -22.35 q 18.8 -24.95 18 -30.75 q 17.5 -34.3 16.4 -43.4 q 15.65 -47.75 15.4 -63.95 c f 0 0 s 0.1 #333 1 m 13.85 -7.45 q 14.55 -14.9 21 -22.3 q 21 -22.35 21.05 -22.35 q 18.8 -24.95 18 -30.75 q 17.5 -34.3 16.4 -43.4 q 15.65 -47.75 15.4 -63.95 q 15.05 -84.75 14.55 -94.3 q 12.05 -134.9 0 -144 q -12.05 -134.9 -14.55 -94.3 q -15.05 -84.75 -15.4 -63.95 q -15.65 -47.75 -16.4 -43.4 q -17.5 -34.3 -18 -30.75 q -18.8 -24.95 -21.05 -22.35 q -21.05 -22.35 -21 -22.3 q -14.65 -14.95 -13.85 -7.55 q -13.5 -11.4 -12.55 -13.4 q -12.15 -14.4 -10.9 -15.65 q -9.5 -17.15 -7.05 -19 q -7.2 -28.75 -5.5 -32.35 q -4.55 -34.4 0 -37.95 l 0.05 -37.9 q 4.55 -34.4 5.5 -32.35 q 7.15 -28.75 7.05 -18.9 l 7.05 -18.9 q 9.45 -17.05 10.85 -15.55 q 12.1 -14.3 12.55 -13.3 q 13.45 -11.35 13.85 -7.45 q 14.05 -5.05 14.1 -1.9 q 14.15 -1.5 14.25 -1.05 f 0 0 s 0.1 #333 1 m -14.25 -1.1 q -14.2 -1.45 -14.1 -1.8 q -14.1 -5.05 -13.85 -7.55 f 0 0 s 0.1 #333 1 m -7.05 -19 l -7 -18.95 q -2.5 -15.45 -1.55 -13.4 q -0.2 -10.45 0 -3.4 q 0 -4.05 0.05 -4.65 q 0.25 -10.65 1.55 -13.3 q 2.5 -15.35 7.05 -18.9 f 0 0 s 0.1 #333 1 m 14.1 -1.1 q 14.1 -1.5 14.1 -1.9 f 0 0 s 0.1 #333 1 m -14.1 -1.15 q -14.15 -1.5 -14.1 -1.8
f #333 1 m -11.35 -1.95 q -7.35 -3.05 -3 -3.3 l -3 -10.3 l -11.35 -1.95 c f #333 1 m -3 -45.9 l -5.5 -42.25 l -3 -38.65 l -3 -45.9 c f #333 1 m -6.25 -127.65 l -3 -124.35 l -3 -130.9 l -6.25 -127.65 c f #333 1 m -17.3 -133.45 q -17.45 -132 -17.5 -130.45 q -17.75 -126.05 -18.35 -84.2 q -18.65 -67.65 -19.35 -63.7 l -20.95 -51.05 q -21.8 -45.3 -24 -42.7 l -23.95 -42.65 q -18.65 -36.45 -17.3 -30.65 l -17.25 -30.45 q -17 -29.45 -17.05 -25.5 q -17.1 -21.75 -17.25 -21.25 l -17.25 0.1 q -14.8 -1 -12.15 -1.75 q -11.8 -1.85 -11.35 -1.95 l -3 -10.3 l -3 -17.4 l -12.15 -8.25 l -3 -17.4 l -3 -25.65 l -12.15 -16.5 l -3 -25.65 l -3 -38.65 l -5.5 -42.25 l -3 -45.9 l -3 -124.35 l -6.25 -127.65 l -3 -130.9 l -3 -180.05 q -14.6 -171.3 -17.3 -133.45 c f #333 1 m 3 -3.3 q 7.3 -3.05 11.3 -2 l 3 -10.3 l 3 -3.3 c f #333 1 m 3 -45.9 l 3 -38.65 l 5.5 -42.3 l 3 -45.9 c f #333 1 m 6.25 -127.65 l 3 -124.35 l 3 -45.9 l 5.5 -42.3 l 3 -38.65 l 3 -25.65 l 12.2 -16.45 l 3 -25.65 l 3 -17.4 l 12.2 -8.2 l 3 -17.4 l 3 -10.3 l 11.3 -2 q 11.75 -1.85 12.2 -1.75 q 14.8 -1 17.3 0.15 l 17.3 -30.7 q 18.8 -36.65 23.95 -42.65 l 24 -42.7 q 21.75 -45.3 20.95 -51.1 q 20.45 -54.6 19.35 -63.7 q 18.65 -67.65 18.35 -84.2 q 17.75 -126.05 17.5 -130.45 q 17.4 -132 17.3 -133.45 q 14.55 -171.3 3 -180.05 l 3 -130.9 l 6.25 -127.65 c f #333 1 m 3 -130.9 l 3 -124.35 l 6.25 -127.65 l 3 -130.9 c f 0 0 s 0.1 #333 1 m 3 -130.9 l 3 -124.35 l 6.25 -127.65 l 3 -130.9 l 3 -180.05 q 14.55 -171.3 17.3 -133.45 q 17.4 -132 17.5 -130.45 q 17.75 -126.05 18.35 -84.2 q 18.65 -67.65 19.35 -63.7 q 20.45 -54.6 20.95 -51.1 q 21.75 -45.3 24 -42.7 l 23.95 -42.65 q 18.8 -36.65 17.3 -30.7 l 17.3 0.15 f 0 0 s 0.1 #333 1 m 11.3 -2 l 12.2 -1.1 f 0 0 s 0.1 #333 1 m 3 -45.9 l 3 -38.65 l 5.5 -42.3 l 3 -45.9 l 3 -124.35 f 0 0 s 0.1 #333 1 m 3 -38.65 l 3 -25.65 l 12.2 -16.45 f 0 0 s 0.1 #333 1 m 11.3 -2 l 3 -10.3 l 3 -3.3 f 0 0 s 0.1 #333 1 m 3 -17.4 l 12.2 -8.2 f 0 0 s 0.1 #333 1 m 3 -17.4 l 3 -10.3 f 0 0 s 0.1 #333 1 m 3 -25.65 l 3 -17.4 f 0 0 s 0.1 #333 1 m -17.25 0.1 l -17.25 -21.25 q -17.1 -21.75 -17.05 -25.5 q -17 -29.45 -17.25 -30.45 l -17.3 -30.65 q -18.65 -36.45 -23.95 -42.65 l -24 -42.7 q -21.8 -45.3 -20.95 -51.05 l -19.35 -63.7 q -18.65 -67.65 -18.35 -84.2 q -17.75 -126.05 -17.5 -130.45 q -17.45 -132 -17.3 -133.45 q -14.6 -171.3 -3 -180.05 l -3 -130.9 l -3 -124.35 l -3 -45.9 l -3 -38.65 l -3 -25.65 l -3 -17.4 l -3 -10.3 l -3 -3.3 f 0 0 s 0.1 #333 1 m -3 -130.9 l -6.25 -127.65 l -3 -124.35 f 0 0 s 0.1 #333 1 m -3 -45.9 l -5.5 -42.25 l -3 -38.65 f 0 0 s 0.1 #333 1 m -3 -17.4 l -12.15 -8.25 f 0 0 s 0.1 #333 1 m -3 -10.3 l -11.35 -1.95 f 0 0 s 0.1 #333 1 m -3 -25.65 l -12.15 -16.5
f #333 1 m -6.35 -4.1 q -7 -4.55 -7.55 -5.05 q -9.4 -5.1 -10.85 -6.6 l -17.8 0.35 q -11.45 -2.6 -4.2 -3.25 q -5.4 -3.55 -6.35 -4.1 c f #333 1 m -7.55 -17.25 q -8.65 -18.9 -9.35 -20.85 q -9.95 -22.35 -10.3 -24 q -10.8 -23.9 -11.2 -23.7 q -12 -23.4 -12.6 -23 q -13.5 -22.4 -14.05 -21.55 q -14.95 -20.2 -14.9 -18.15 q -14.9 -17.5 -14.75 -16.7 q -14.35 -13.9 -13.6 -11.7 q -13.3 -10.6 -12.85 -9.65 q -12.55 -8.95 -12.15 -8.3 q -12.05 -8.15 -11.95 -8 q -11.45 -7.2 -10.85 -6.6 q -9.4 -5.1 -7.55 -5.05 q -5.4 -6.55 -3.55 -8.1 q -1.95 -9.5 -0.55 -10.85 q -1.4 -11.3 -2.3 -11.9 q -2.85 -12.3 -3.4 -12.7 q -5.7 -14.45 -7.55 -17.25 c f #333 1 m -1.3 -17.75 l -4.9 -20.05 q -6.1 -19.05 -7.55 -17.25 q -5.7 -14.45 -3.4 -12.7 q -2.05 -14.75 -1.3 -17.75 c f #333 1 m -4.9 -20.05 l -1.3 -17.75 q -0.85 -19.65 -0.6 -22.8 q -2.9 -21.85 -4.9 -20.05 c f #333 1 m -21.05 -7.5 l -26.5 -1.95 l -26.5 4.05 l -26.45 4.05 l -24.25 4.05 q -21.35 2.05 -18.25 0.55 q -18.05 0.45 -17.8 0.35 l -10.85 -6.6 q -11.45 -7.2 -11.95 -8 q -12.05 -8.15 -12.15 -8.3 q -12.55 -8.95 -12.85 -9.65 q -13.3 -10.6 -13.6 -11.7 l -15.25 -13.3 l -21.05 -7.5 c f #333 1 m -26.5 -7.55 l -21.05 -7.5 l -15.25 -13.3 l -18 -16.05 l -20.35 -18.4 l -26.5 -12.2 l -26.5 -7.55 c f #333 1 m -22.4 -29.95 l -26.5 -29.95 l -26.5 -29.9 l -26.5 -24.6 l -20.35 -18.4 l -18 -16.05 l -15.25 -13.3 l -13.6 -11.7 q -14.35 -13.9 -14.75 -16.7 q -14.9 -17.5 -14.9 -18.15 q -14.95 -20.2 -14.05 -21.55 l -22.35 -29.95 l -22.4 -29.95 c f #333 1 m -9.3 -25.15 q -8.2 -26.25 -7.05 -27.1 l -7.2 -27.3 l -11.75 -31.9 l -19.8 -40.1 l -27 -40.1 l -27 -40.05 l -25.6 -38.65 l -27 -40.05 l -27 -34.6 l -22.4 -29.95 l -22.35 -29.95 l -14.05 -21.55 q -13.5 -22.4 -12.6 -23 q -12 -23.4 -11.2 -23.7 l -11.7 -24.2 l -11.2 -23.7 q -10.8 -23.9 -10.3 -24 l -9.3 -25.15 c f #333 1 m 12.2 -10.3 l 11.7 -9.8 q 11.55 -9.65 11.45 -9.45 q 10.9 -8.65 10.35 -7.95 l 9.9 -7.5 l 17.7 0.3 q 17.75 0.35 17.85 0.4 l 17.95 0.45 q 18.15 0.55 18.4 0.65 q 21.4 2.1 24.2 4.05 l 26.4 4.05 l 26.45 4.05 l 26.45 -1.95 l 21 -7.5 l 15.2 -13.3 l 12.2 -10.3 c f #333 1 m 9.3 -6.9 q 6.45 -4.25 2.95 -3.3 q 10.8 -2.85 17.7 0.3 l 9.9 -7.5 l 9.3 -6.9 c f #333 1 m 1.65 -13.35 q 5.25 -17.8 7.65 -23.15 q 7.8 -23.55 8 -23.95 q 7.8 -24.1 7.65 -24.2 q 4.35 -26.25 1.65 -24.75 q 0.45 -24.15 -0.6 -22.8 q -0.85 -19.65 -1.3 -17.75 q -2.05 -14.75 -3.4 -12.7 q -2.85 -12.3 -2.3 -11.9 q -1.4 -11.3 -0.55 -10.85 q -0.1 -11.4 0.4 -11.9 q 1.05 -12.65 1.65 -13.35 c f #333 1 m 17.95 -16.05 l 15.2 -13.3 l 21 -7.5 l 26.45 -7.55 l 26.45 -12.2 l 20.3 -18.4 l 17.95 -16.05 c f #333 1 m 9.95 -25.45 q 9.1 -25.85 8.65 -25.75 l 8 -23.95 q 7.8 -23.55 7.65 -23.15 q 5.25 -17.8 1.65 -13.35 q 1.05 -12.65 0.4 -11.9 q -0.1 -11.4 -0.55 -10.85 q -1.95 -9.5 -3.55 -8.1 q -5.4 -6.55 -7.55 -5.05 q -7 -4.55 -6.35 -4.1 q -5.4 -3.55 -4.2 -3.25 q -2.7 -3.4 -1.1 -3.4 q -0.85 -3.4 -0.6 -3.4 q -0.3 -3.4 0 -3.4 q 0.1 -3.4 0.2 -3.4 q 0.3 -3.4 0.4 -3.4 q 1.65 -3.4 2.9 -3.3 l 2.95 -3.3 q 6.45 -4.25 9.3 -6.9 l 9.9 -7.5 l 10.35 -7.95 q 10.9 -8.65 11.45 -9.45 q 11.55 -9.65 11.7 -9.8 q 13.4 -12.65 14.05 -16.55 l 14.1 -16.85 q 14.1 -17.2 14.15 -17.5 q 14.35 -19.65 14.1 -21.1 q 14.05 -21.35 14 -21.6 q 13.55 -23.45 12.25 -24.2 l 12 -24.35 q 11.8 -24.45 11.65 -24.55 q 10.65 -25.15 9.95 -25.45 c f #333 1 m 5.5 -28.4 q 3.55 -29.6 1.65 -29.85 q 0.45 -30.05 -0.75 -29.8 q -4.15 -29.2 -7.05 -27.1 q -8.2 -26.25 -9.3 -25.15 l -10.3 -24 q -9.95 -22.35 -9.35 -20.85 q -8.65 -18.9 -7.55 -17.25 q -6.1 -19.05 -4.9 -20.05 q -2.9 -21.85 -0.6 -22.8 q 0.45 -24.15 1.65 -24.75 q 4.35 -26.25 7.65 -24.2 q 7.8 -24.1 8 -23.95 l 8.65 -25.75 q 7.95 -26.45 7.65 -26.75 q 7.4 -26.95 7.35 -27 q 7.2 -27.15 7.1 -27.2 q 6.3 -27.9 5.5 -28.4 c f #333 1 m 22.35 -29.95 l 22.4 -29.95 l 27 -34.6 l 27 -40.05 l 27 -40.1 l 19.75 -40.1 l 11.7 -31.9 l 7.2 -27.3 l 7.1 -27.2 q 7.2 -27.15 7.35 -27 q 7.4 -26.95 7.65 -26.75 q 7.95 -26.45 8.65 -25.75 q 9.1 -25.85 9.95 -25.45 q 10.65 -25.15 11.65 -24.55 q 11.8 -24.45 12 -24.35 l 12.25 -24.2 q 13.55 -23.45 14 -21.6 l 22.35 -29.95 c f #333 1 m 22.4 -29.95 l 22.35 -29.95 l 14 -21.6 q 14.05 -21.35 14.1 -21.1 q 14.35 -19.65 14.15 -17.5 q 14.1 -17.2 14.1 -16.85 l 14.05 -16.55 q 13.4 -12.65 11.7 -9.8 l 12.2 -10.3 l 15.2 -13.3 l 17.95 -16.05 l 20.3 -18.4 l 26.45 -24.6 l 26.45 -29.9 l 26.45 -29.95 l 22.4 -29.95 c f #333 1 m 11.65 -187.95 l 19.5 -195.95 l -0.05 -215.65 l -19.55 -195.95 l -11.7 -187.95 l -11.7 -94.95 l -18.55 -87.95 l -11.7 -80.95 l -11.7 -80.9 l -11.75 -31.9 l -7.2 -27.3 l -7.05 -27.1 q -4.15 -29.2 -0.75 -29.8 q 0.45 -30.05 1.65 -29.85 q 3.55 -29.6 5.5 -28.4 q 6.3 -27.9 7.1 -27.2 l 7.2 -27.3 l 11.7 -31.9 l 11.65 -80.9 l 11.65 -80.95 l 18.5 -87.95 l 11.65 -94.95 l 11.65 -187.95 m 1.1 -197.95 l 2.25 -196 l 1.15 -194 l -1.1 -194 l -2.3 -196 l -1.15 -197.95 l 1.1 -197.95 h m 1.1 -89.95 l 2.25 -88 l 1.15 -86 l -1.1 -86 l -2.3 -88 l -1.15 -89.95 l 1.1 -89.95 h c f #333 1 m 2.25 -88 l 1.1 -89.95 l -1.15 -89.95 l -2.3 -88 l -1.1 -86 l 1.15 -86 l 2.25 -88 c f #333 1 m 2.25 -196 l 1.1 -197.95 l -1.15 -197.95 l -2.3 -196 l -1.1 -194 l 1.15 -194 l 2.25 -196 c f 0 0 s 0.1 #333 1 m -0.05 -215.65 l 19.5 -195.95 l 11.65 -187.95 l 11.65 -94.95 l 18.5 -87.95 l 11.65 -80.95 l 11.65 -80.9 l 11.7 -31.9 l 19.75 -40.1 l 27 -40.1 l 27 -40.05 l 27 -34.6 l 22.4 -29.95 l 26.45 -29.95 l 26.45 -29.9 l 26.45 -24.6 l 20.3 -18.4 l 26.45 -12.2 l 26.45 -7.55 l 21 -7.5 l 26.45 -1.95 l 26.45 4.05 l 26.4 4.05 l 24.2 4.05 f 0 0 s 0.1 #333 1 m 2.95 -3.3 l 2.9 -3.3 f 0 0 s 0.1 #333 1 m -24.25 4.05 l -26.45 4.05 l -26.5 4.05 l -26.5 -1.95 l -21.05 -7.5 l -26.5 -7.55 l -26.5 -12.2 l -20.35 -18.4 l -26.5 -24.6 l -26.5 -29.9 l -26.5 -29.95 l -22.4 -29.95 l -27 -34.6 l -27 -40.05 l -27 -40.1 l -19.8 -40.1 l -11.75 -31.9 l -11.7 -80.9 l -11.7 -80.95 l -18.55 -87.95 l -11.7 -94.95 l -11.7 -187.95 l -19.55 -195.95 l -0.05 -215.65 l -0.3 -215.95 f 0 0 s 0.1 #333 1 m 2.25 -196 l 1.15 -194 l -1.1 -194 l -2.3 -196 l -1.15 -197.95 l 1.1 -197.95 l 2.25 -196 f 0 0 s 0.1 #333 1 m 2.25 -88 l 1.15 -86 l -1.1 -86 l -2.3 -88 l -1.15 -89.95 l 1.1 -89.95 l 2.25 -88 f 0 0 s 0.1 #333 1 m 22.4 -29.95 l 22.35 -29.95 l 14 -21.6 q 14.05 -21.35 14.1 -21.1 q 14.35 -19.65 14.15 -17.5 q 14.1 -17.2 14.1 -16.85 l 14.05 -16.55 q 13.4 -12.65 11.7 -9.8 l 12.2 -10.3 l 15.2 -13.3 l 17.95 -16.05 l 20.3 -18.4 f 0 0 s 0.1 #333 1 m 11.7 -31.9 l 7.2 -27.3 l 7.1 -27.2 q 7.2 -27.15 7.35 -27 q 7.4 -26.95 7.65 -26.75 q 7.95 -26.45 8.65 -25.75 q 9.1 -25.85 9.95 -25.45 q 10.65 -25.15 11.65 -24.55 q 11.8 -24.45 12 -24.35 l 12.25 -24.2 q 13.55 -23.45 14 -21.6 f 0 0 s 0.1 #333 1 m -11.75 -31.9 l -7.2 -27.3 l -7.05 -27.1 q -4.15 -29.2 -0.75 -29.8 q 0.45 -30.05 1.65 -29.85 q 3.55 -29.6 5.5 -28.4 q 6.3 -27.9 7.1 -27.2 f 0 0 s 0.1 #333 1 m 8.65 -25.75 l 8 -23.95 q 7.8 -23.55 7.65 -23.15 q 5.25 -17.8 1.65 -13.35 q 1.05 -12.65 0.4 -11.9 q -0.1 -11.4 -0.55 -10.85 q -1.95 -9.5 -3.55 -8.1 q -5.4 -6.55 -7.55 -5.05 q -7 -4.55 -6.35 -4.1 q -5.4 -3.55 -4.2 -3.25 f 0 0 s 0.1 #333 1 m -7.05 -27.1 q -8.2 -26.25 -9.3 -25.15 l -10.3 -24 q -9.95 -22.35 -9.35 -20.85 q -8.65 -18.9 -7.55 -17.25 q -6.1 -19.05 -4.9 -20.05 q -2.9 -21.85 -0.6 -22.8 q 0.45 -24.15 1.65 -24.75 q 4.35 -26.25 7.65 -24.2 q 7.8 -24.1 8 -23.95 f 0 0 s 0.1 #333 1 m 17.7 0.3 l 9.9 -7.5 l 9.3 -6.9 q 6.45 -4.25 2.95 -3.3 f 0 0 s 0.1 #333 1 m 11.7 -9.8 q 11.55 -9.65 11.45 -9.45 q 10.9 -8.65 10.35 -7.95 l 9.9 -7.5 f 0 0 s 0.1 #333 1 m 21 -7.5 l 15.2 -13.3 f 0 0 s 0.1 #333 1 m -27 -40.05 l -25.6 -38.65 f 0 0 s 0.1 #333 1 m -22.4 -29.95 l -22.35 -29.95 l -14.05 -21.55 q -13.5 -22.4 -12.6 -23 q -12 -23.4 -11.2 -23.7 l -11.7 -24.2 f 0 0 s 0.1 #333 1 m -4.9 -20.05 l -1.3 -17.75 q -0.85 -19.65 -0.6 -22.8 f 0 0 s 0.1 #333 1 m -1.3 -17.75 q -2.05 -14.75 -3.4 -12.7 q -2.85 -12.3 -2.3 -11.9 q -1.4 -11.3 -0.55 -10.85 f 0 0 s 0.1 #333 1 m -7.55 -17.25 q -5.7 -14.45 -3.4 -12.7 f 0 0 s 0.1 #333 1 m -11.2 -23.7 q -10.8 -23.9 -10.3 -24 f 0 0 s 0.1 #333 1 m -21.05 -7.5 l -15.25 -13.3 l -18 -16.05 l -20.35 -18.4 f 0 0 s 0.1 #333 1 m -15.25 -13.3 l -13.6 -11.7 q -14.35 -13.9 -14.75 -16.7 q -14.9 -17.5 -14.9 -18.15 q -14.95 -20.2 -14.05 -21.55 f 0 0 s 0.1 #333 1 m -17.8 0.35 l -10.85 -6.6 q -11.45 -7.2 -11.95 -8 q -12.05 -8.15 -12.15 -8.3 q -12.55 -8.95 -12.85 -9.65 q -13.3 -10.6 -13.6 -11.7 f 0 0 s 0.1 #333 1 m -7.55 -5.05 q -9.4 -5.1 -10.85 -6.6 f 0 0 s 0.1 #333 1 m 0.25 -215.95 l -0.05 -215.65
f #333 1 m -14 -8 q -15.6 -8 -16.75 -7.45 q -17.9 -6.9 -17.9 -6.15 q -17.9 -5.4 -16.75 -4.85 q -15.6 -4.35 -14 -4.3 l -14 -8 c f #333 1 m -16.75 -15.45 q -17.9 -14.9 -17.9 -14.15 q -17.9 -13.4 -16.75 -12.85 q -15.6 -12.35 -14 -12.3 l -14 -16 q -15.6 -16 -16.75 -15.45 c f #333 1 m -14 -20.3 l -14 -24 q -15.6 -24 -16.75 -23.45 q -17.9 -22.9 -17.9 -22.15 q -17.9 -21.4 -16.75 -20.85 q -15.6 -20.35 -14 -20.3 c f #333 1 m -14 -32 q -15.6 -32 -16.75 -31.45 q -17.9 -30.9 -17.9 -30.15 q -17.9 -29.4 -16.75 -28.85 q -15.6 -28.35 -14 -28.3 l -14 -32 c f #333 1 m -14 -40 q -15.6 -40 -16.75 -39.45 q -17.9 -38.9 -17.9 -38.15 q -17.9 -37.4 -16.75 -36.85 q -15.6 -36.35 -14 -36.3 l -14 -40 c f #333 1 m -14 -44.3 l -14 -48 q -15.6 -48 -16.75 -47.45 q -17.9 -46.9 -17.9 -46.15 q -17.9 -45.4 -16.75 -44.85 q -15.6 -44.35 -14 -44.3 c f #333 1 m -14 -56 q -15.6 -56 -16.75 -55.45 q -17.9 -54.9 -17.9 -54.15 q -17.9 -53.4 -16.75 -52.85 q -15.6 -52.35 -14 -52.3 l -14 -56 c f #333 1 m -16.75 -63.45 q -17.9 -62.9 -17.9 -62.15 q -17.9 -61.4 -16.75 -60.85 q -15.6 -60.35 -14 -60.3 l -14 -64 q -15.6 -64 -16.75 -63.45 c f #333 1 m -14 -68.3 l -14 -72 q -15.6 -72 -16.75 -71.45 q -17.9 -70.9 -17.9 -70.15 q -17.9 -69.4 -16.75 -68.85 q -15.6 -68.35 -14 -68.3 c f #333 1 m -14 -80 q -15.6 -80 -16.75 -79.45 q -17.9 -78.9 -17.9 -78.15 q -17.9 -77.4 -16.75 -76.85 q -15.6 -76.35 -14 -76.3 l -14 -80 c f #333 1 m -14 -88 q -15.6 -88 -16.75 -87.45 q -17.9 -86.9 -17.9 -86.15 q -17.9 -85.4 -16.75 -84.85 q -15.6 -84.35 -14 -84.3 l -14 -88 c f #333 1 m -12.6 -95.7 q -13.05 -95.85 -13.45 -95.9 q -15.05 -96.3 -16.35 -96 q -17.6 -95.75 -17.75 -95 q -17.95 -94.3 -16.9 -93.5 q -15.9 -92.7 -14.3 -92.3 q -14.05 -92.25 -13.8 -92.2 q -13.45 -94.05 -12.6 -95.7 c f #333 1 m -5.3 -107.7 q -6.05 -107.5 -6.2 -106.25 q -6.45 -104.95 -6 -103.35 q -5.9 -102.8 -5.65 -102.25 q -4.05 -102.95 -2.25 -103.2 q -2.3 -103.75 -2.45 -104.35 q -2.9 -105.95 -3.7 -106.95 q -4.6 -107.9 -5.3 -107.7 c f #333 1 m -12.15 -103.3 q -13.4 -103.5 -13.85 -102.9 q -14.25 -102.3 -13.6 -101.2 q -12.95 -100.05 -11.6 -99.1 q -11.15 -98.8 -10.65 -98.55 q -10.3 -98.95 -9.9 -99.3 q -9.05 -100.2 -8.1 -100.9 q -8.65 -101.55 -9.45 -102.1 q -10.8 -103.05 -12.15 -103.3 c f #333 1 m 14.15 -8 q 14.05 -8 14 -8 l 14 -4.3 q 14.05 -4.3 14.15 -4.3 q 15.8 -4.3 17 -4.85 q 18.15 -5.4 18.15 -6.15 q 18.15 -6.9 17 -7.45 q 15.8 -8 14.15 -8 c f #333 1 m 14.15 -16 q 14.05 -16 14 -16 l 14 -12.3 q 14.05 -12.3 14.15 -12.3 q 15.8 -12.3 17 -12.85 q 18.15 -13.4 18.15 -14.15 q 18.15 -14.9 17 -15.45 q 15.8 -16 14.15 -16 c f #333 1 m 18.15 -22.15 q 18.15 -22.9 17 -23.45 q 15.8 -24 14.15 -24 q 14.05 -24 14 -24 l 14 -20.3 q 14.05 -20.3 14.15 -20.3 q 15.8 -20.3 17 -20.85 q 18.15 -21.4 18.15 -22.15 c f #333 1 m 14.15 -32 q 14.05 -32 14 -32 l 14 -28.3 q 14.05 -28.3 14.15 -28.3 q 15.8 -28.3 17 -28.85 q 18.15 -29.4 18.15 -30.15 q 18.15 -30.9 17 -31.45 q 15.8 -32 14.15 -32 c f #333 1 m 14.15 -40 q 14.05 -40 14 -40 l 14 -36.3 q 14.05 -36.3 14.15 -36.3 q 15.8 -36.3 17 -36.85 q 18.15 -37.4 18.15 -38.15 q 18.15 -38.9 17 -39.45 q 15.8 -40 14.15 -40 c f #333 1 m 17 -44.85 q 18.15 -45.4 18.15 -46.15 q 18.15 -46.9 17 -47.45 q 15.8 -48 14.15 -48 q 14.05 -48 14 -48 l 14 -44.3 q 14.05 -44.3 14.15 -44.3 q 15.8 -44.3 17 -44.85 c f #333 1 m 14.15 -56 q 14.05 -56 14 -56 l 14 -52.3 q 14.05 -52.3 14.15 -52.3 q 15.8 -52.3 17 -52.85 q 18.15 -53.4 18.15 -54.15 q 18.15 -54.9 17 -55.45 q 15.8 -56 14.15 -56 c f #333 1 m 14.15 -64 q 14.05 -64 14 -64 l 14 -60.3 q 14.05 -60.3 14.15 -60.3 q 15.8 -60.3 17 -60.85 q 18.15 -61.4 18.15 -62.15 q 18.15 -62.9 17 -63.45 q 15.8 -64 14.15 -64 c f #333 1 m 18.15 -70.15 q 18.15 -70.9 17 -71.45 q 15.8 -72 14.15 -72 q 14.05 -72 14 -72 l 14 -68.3 q 14.05 -68.3 14.15 -68.3 q 15.8 -68.3 17 -68.85 q 18.15 -69.4 18.15 -70.15 c f #333 1 m 14 -80 l 14 -76.3 q 14.05 -76.3 14.15 -76.3 q 15.8 -76.3 17 -76.85 q 18.15 -77.4 18.15 -78.15 q 18.15 -78.9 17 -79.45 q 15.8 -80 14.15 -80 q 14.05 -80 14 -80 c f #333 1 m 14.15 -88 q 14.05 -88 14 -88 l 14 -84.3 q 14.05 -84.3 14.15 -84.3 q 15.8 -84.3 17 -84.85 q 18.15 -85.4 18.15 -86.15 q 18.15 -86.9 17 -87.45 q 15.8 -88 14.15 -88 c f #333 1 m 17.15 -93.5 q 18.2 -94.3 18 -95 q 17.85 -95.75 16.6 -96 q 15.3 -96.3 13.7 -95.9 q 13.1 -95.8 12.65 -95.6 q 13.45 -94 13.75 -92.2 q 14.15 -92.25 14.55 -92.3 q 16.15 -92.7 17.15 -93.5 c f #333 1 m 8.2 -100.75 q 9.05 -100.1 9.9 -99.3 q 10.3 -98.9 10.7 -98.45 q 11.25 -98.75 11.85 -99.1 q 13.2 -100.05 13.85 -101.2 q 14.5 -102.3 14.1 -102.9 q 13.65 -103.5 12.4 -103.3 q 11.05 -103.05 9.7 -102.1 q 8.75 -101.5 8.2 -100.75 c f #333 1 m 2.45 -103.15 q 1.25 -103.35 0 -103.35 q -1.2 -103.35 -2.25 -103.2 q -4.05 -102.95 -5.65 -102.25 q -6.95 -101.7 -8.1 -100.9 q -9.05 -100.2 -9.9 -99.3 q -10.3 -98.95 -10.65 -98.55 q -11.85 -97.2 -12.6 -95.7 q -13.45 -94.05 -13.8 -92.2 q -14 -91.1 -14 -89.85 l -14 -88 l -14 -84.3 l -14 -80 l -14 -76.3 l -14 -72 l -14 -68.3 l -14 -64 l -14 -60.3 l -14 -56 l -14 -52.3 l -14 -48 l -14 -44.3 l -14 -40 l -14 -36.3 l -14 -32 l -14 -28.3 l -14 -24 l -14 -20.3 l -14 -16 l -14 -12.3 l -14 -8 l -14 -4.3 l -14 -1.15 q -7.45 -3.4 0 -3.4 q 7.4 -3.4 14 -1.15 l 14 -4.3 l 14 -8 l 14 -12.3 l 14 -16 l 14 -20.3 l 14 -24 l 14 -28.3 l 14 -32 l 14 -36.3 l 14 -40 l 14 -44.3 l 14 -48 l 14 -52.3 l 14 -56 l 14 -60.3 l 14 -64 l 14 -68.3 l 14 -72 l 14 -76.3 l 14 -80 l 14 -84.3 l 14 -88 l 14 -89.85 q 13.95 -91.05 13.75 -92.2 q 13.45 -94 12.65 -95.6 q 11.85 -97.15 10.7 -98.45 q 10.3 -98.9 9.9 -99.3 q 9.05 -100.1 8.2 -100.75 q 7.05 -101.6 5.85 -102.15 q 4.2 -102.9 2.45 -103.15 m 6.65 -92.45 q 7.3 -91.8 7.3 -90.95 q 7.3 -90.1 6.65 -89.5 q 6.05 -88.85 5.2 -88.85 q 4.35 -88.85 3.7 -89.5 q 3.1 -90.1 3.1 -90.95 q 3.1 -91.8 3.7 -92.45 q 4.35 -93.05 5.2 -93.05 q 6.05 -93.05 6.65 -92.45 h m 6.65 -85.2 q 7.3 -84.55 7.3 -83.7 q 7.3 -82.85 6.65 -82.25 q 6.05 -81.6 5.2 -81.6 q 4.35 -81.6 3.7 -82.25 q 3.1 -82.85 3.1 -83.7 q 3.1 -84.55 3.7 -85.2 q 4.35 -85.8 5.2 -85.8 q 6.05 -85.8 6.65 -85.2 h m -2.65 -92.45 q -2 -91.8 -2 -90.95 q -2 -90.1 -2.65 -89.5 q -3.25 -88.85 -4.1 -88.85 q -4.95 -88.85 -5.6 -89.5 q -6.2 -90.1 -6.2 -90.95 q -6.2 -91.8 -5.6 -92.45 q -4.95 -93.05 -4.1 -93.05 q -3.25 -93.05 -2.65 -92.45 h m -2.85 -85.2 q -2.2 -84.55 -2.2 -83.7 q -2.2 -82.85 -2.85 -82.25 q -3.45 -81.6 -4.3 -81.6 q -5.15 -81.6 -5.8 -82.25 q -6.4 -82.85 -6.4 -83.7 q -6.4 -84.55 -5.8 -85.2 q -5.15 -85.8 -4.3 -85.8 q -3.45 -85.8 -2.85 -85.2 h c f #333 1 m -2.2 -83.7 q -2.2 -84.55 -2.85 -85.2 q -3.45 -85.8 -4.3 -85.8 q -5.15 -85.8 -5.8 -85.2 q -6.4 -84.55 -6.4 -83.7 q -6.4 -82.85 -5.8 -82.25 q -5.15 -81.6 -4.3 -81.6 q -3.45 -81.6 -2.85 -82.25 q -2.2 -82.85 -2.2 -83.7 c f #333 1 m -2 -90.95 q -2 -91.8 -2.65 -92.45 q -3.25 -93.05 -4.1 -93.05 q -4.95 -93.05 -5.6 -92.45 q -6.2 -91.8 -6.2 -90.95 q -6.2 -90.1 -5.6 -89.5 q -4.95 -88.85 -4.1 -88.85 q -3.25 -88.85 -2.65 -89.5 q -2 -90.1 -2 -90.95 c f #333 1 m 7.3 -83.7 q 7.3 -84.55 6.65 -85.2 q 6.05 -85.8 5.2 -85.8 q 4.35 -85.8 3.7 -85.2 q 3.1 -84.55 3.1 -83.7 q 3.1 -82.85 3.7 -82.25 q 4.35 -81.6 5.2 -81.6 q 6.05 -81.6 6.65 -82.25 q 7.3 -82.85 7.3 -83.7 c f #333 1 m 7.3 -90.95 q 7.3 -91.8 6.65 -92.45 q 6.05 -93.05 5.2 -93.05 q 4.35 -93.05 3.7 -92.45 q 3.1 -91.8 3.1 -90.95 q 3.1 -90.1 3.7 -89.5 q 4.35 -88.85 5.2 -88.85 q 6.05 -88.85 6.65 -89.5 q 7.3 -90.1 7.3 -90.95 c f #333 1 m 6.45 -106.25 q 6.3 -107.5 5.55 -107.7 q 4.85 -107.9 3.95 -106.95 q 3.15 -105.95 2.7 -104.35 q 2.5 -103.75 2.45 -103.15 q 4.2 -102.9 5.85 -102.15 q 6.05 -102.7 6.25 -103.35 q 6.7 -104.95 6.45 -106.25 c f 0 0 s 0.1 #333 1 m 5.85 -102.15 q 6.05 -102.7 6.25 -103.35 q 6.7 -104.95 6.45 -106.25 q 6.3 -107.5 5.55 -107.7 q 4.85 -107.9 3.95 -106.95 q 3.15 -105.95 2.7 -104.35 q 2.5 -103.75 2.45 -103.15 q 4.2 -102.9 5.85 -102.15 q 7.05 -101.6 8.2 -100.75 q 8.75 -101.5 9.7 -102.1 q 11.05 -103.05 12.4 -103.3 q 13.65 -103.5 14.1 -102.9 q 14.5 -102.3 13.85 -101.2 q 13.2 -100.05 11.85 -99.1 q 11.25 -98.75 10.7 -98.45 q 11.85 -97.15 12.65 -95.6 q 13.1 -95.8 13.7 -95.9 q 15.3 -96.3 16.6 -96 q 17.85 -95.75 18 -95 q 18.2 -94.3 17.15 -93.5 q 16.15 -92.7 14.55 -92.3 q 14.15 -92.25 13.75 -92.2 q 13.95 -91.05 14 -89.85 l 14 -88 q 14.05 -88 14.15 -88 q 15.8 -88 17 -87.45 q 18.15 -86.9 18.15 -86.15 q 18.15 -85.4 17 -84.85 q 15.8 -84.3 14.15 -84.3 q 14.05 -84.3 14 -84.3 l 14 -80 q 14.05 -80 14.15 -80 q 15.8 -80 17 -79.45 q 18.15 -78.9 18.15 -78.15 q 18.15 -77.4 17 -76.85 q 15.8 -76.3 14.15 -76.3 q 14.05 -76.3 14 -76.3 l 14 -72 q 14.05 -72 14.15 -72 q 15.8 -72 17 -71.45 q 18.15 -70.9 18.15 -70.15 q 18.15 -69.4 17 -68.85 q 15.8 -68.3 14.15 -68.3 q 14.05 -68.3 14 -68.3 l 14 -64 q 14.05 -64 14.15 -64 q 15.8 -64 17 -63.45 q 18.15 -62.9 18.15 -62.15 q 18.15 -61.4 17 -60.85 q 15.8 -60.3 14.15 -60.3 q 14.05 -60.3 14 -60.3 l 14 -56 q 14.05 -56 14.15 -56 q 15.8 -56 17 -55.45 q 18.15 -54.9 18.15 -54.15 q 18.15 -53.4 17 -52.85 q 15.8 -52.3 14.15 -52.3 q 14.05 -52.3 14 -52.3 l 14 -48 q 14.05 -48 14.15 -48 q 15.8 -48 17 -47.45 q 18.15 -46.9 18.15 -46.15 q 18.15 -45.4 17 -44.85 q 15.8 -44.3 14.15 -44.3 q 14.05 -44.3 14 -44.3 l 14 -40 q 14.05 -40 14.15 -40 q 15.8 -40 17 -39.45 q 18.15 -38.9 18.15 -38.15 q 18.15 -37.4 17 -36.85 q 15.8 -36.3 14.15 -36.3 q 14.05 -36.3 14 -36.3 l 14 -32 q 14.05 -32 14.15 -32 q 15.8 -32 17 -31.45 q 18.15 -30.9 18.15 -30.15 q 18.15 -29.4 17 -28.85 q 15.8 -28.3 14.15 -28.3 q 14.05 -28.3 14 -28.3 l 14 -24 q 14.05 -24 14.15 -24 q 15.8 -24 17 -23.45 q 18.15 -22.9 18.15 -22.15 q 18.15 -21.4 17 -20.85 q 15.8 -20.3 14.15 -20.3 q 14.05 -20.3 14 -20.3 l 14 -16 q 14.05 -16 14.15 -16 q 15.8 -16 17 -15.45 q 18.15 -14.9 18.15 -14.15 q 18.15 -13.4 17 -12.85 q 15.8 -12.3 14.15 -12.3 q 14.05 -12.3 14 -12.3 l 14 -8 q 14.05 -8 14.15 -8 q 15.8 -8 17 -7.45 q 18.15 -6.9 18.15 -6.15 q 18.15 -5.4 17 -4.85 q 15.8 -4.3 14.15 -4.3 q 14.05 -4.3 14 -4.3 l 14 -1.15 f 0 0 s 0.1 #333 1 m -14 -1.15 l -14 -4.3 q -15.6 -4.35 -16.75 -4.85 q -17.9 -5.4 -17.9 -6.15 q -17.9 -6.9 -16.75 -7.45 q -15.6 -8 -14 -8 l -14 -12.3 q -15.6 -12.35 -16.75 -12.85 q -17.9 -13.4 -17.9 -14.15 q -17.9 -14.9 -16.75 -15.45 q -15.6 -16 -14 -16 l -14 -20.3 q -15.6 -20.35 -16.75 -20.85 q -17.9 -21.4 -17.9 -22.15 q -17.9 -22.9 -16.75 -23.45 q -15.6 -24 -14 -24 l -14 -28.3 q -15.6 -28.35 -16.75 -28.85 q -17.9 -29.4 -17.9 -30.15 q -17.9 -30.9 -16.75 -31.45 q -15.6 -32 -14 -32 l -14 -36.3 q -15.6 -36.35 -16.75 -36.85 q -17.9 -37.4 -17.9 -38.15 q -17.9 -38.9 -16.75 -39.45 q -15.6 -40 -14 -40 l -14 -44.3 q -15.6 -44.35 -16.75 -44.85 q -17.9 -45.4 -17.9 -46.15 q -17.9 -46.9 -16.75 -47.45 q -15.6 -48 -14 -48 l -14 -52.3 q -15.6 -52.35 -16.75 -52.85 q -17.9 -53.4 -17.9 -54.15 q -17.9 -54.9 -16.75 -55.45 q -15.6 -56 -14 -56 l -14 -60.3 q -15.6 -60.35 -16.75 -60.85 q -17.9 -61.4 -17.9 -62.15 q -17.9 -62.9 -16.75 -63.45 q -15.6 -64 -14 -64 l -14 -68.3 q -15.6 -68.35 -16.75 -68.85 q -17.9 -69.4 -17.9 -70.15 q -17.9 -70.9 -16.75 -71.45 q -15.6 -72 -14 -72 l -14 -76.3 q -15.6 -76.35 -16.75 -76.85 q -17.9 -77.4 -17.9 -78.15 q -17.9 -78.9 -16.75 -79.45 q -15.6 -80 -14 -80 l -14 -84.3 q -15.6 -84.35 -16.75 -84.85 q -17.9 -85.4 -17.9 -86.15 q -17.9 -86.9 -16.75 -87.45 q -15.6 -88 -14 -88 l -14 -89.85 q -14 -91.1 -13.8 -92.2 q -14.05 -92.25 -14.3 -92.3 q -15.9 -92.7 -16.9 -93.5 q -17.95 -94.3 -17.75 -95 q -17.6 -95.75 -16.35 -96 q -15.05 -96.3 -13.45 -95.9 q -13.05 -95.85 -12.6 -95.7 q -11.85 -97.2 -10.65 -98.55 q -11.15 -98.8 -11.6 -99.1 q -12.95 -100.05 -13.6 -101.2 q -14.25 -102.3 -13.85 -102.9 q -13.4 -103.5 -12.15 -103.3 q -10.8 -103.05 -9.45 -102.1 q -8.65 -101.55 -8.1 -100.9 q -6.95 -101.7 -5.65 -102.25 q -5.9 -102.8 -6 -103.35 q -6.45 -104.95 -6.2 -106.25 q -6.05 -107.5 -5.3 -107.7 q -4.6 -107.9 -3.7 -106.95 q -2.9 -105.95 -2.45 -104.35 q -2.3 -103.75 -2.25 -103.2 q -1.2 -103.35 0 -103.35 q 1.25 -103.35 2.45 -103.15 f 0 0 s 0.1 #333 1 m 8.2 -100.75 q 9.05 -100.1 9.9 -99.3 q 10.3 -98.9 10.7 -98.45 f 0 0 s 0.1 #333 1 m 12.65 -95.6 q 13.45 -94 13.75 -92.2 f 0 0 s 0.1 #333 1 m 14 -80 l 14 -76.3 f 0 0 s 0.1 #333 1 m 14 -88 l 14 -84.3 f 0 0 s 0.1 #333 1 m 14 -72 l 14 -68.3 f 0 0 s 0.1 #333 1 m 14 -56 l 14 -52.3 f 0 0 s 0.1 #333 1 m 14 -64 l 14 -60.3 f 0 0 s 0.1 #333 1 m 14 -48 l 14 -44.3 f 0 0 s 0.1 #333 1 m 14 -32 l 14 -28.3 f 0 0 s 0.1 #333 1 m 14 -40 l 14 -36.3 f 0 0 s 0.1 #333 1 m 14 -24 l 14 -20.3 f 0 0 s 0.1 #333 1 m 14 -8 l 14 -4.3 f 0 0 s 0.1 #333 1 m 14 -16 l 14 -12.3 f 0 0 s 0.1 #333 1 m -10.65 -98.55 q -10.3 -98.95 -9.9 -99.3 q -9.05 -100.2 -8.1 -100.9 f 0 0 s 0.1 #333 1 m -5.65 -102.25 q -4.05 -102.95 -2.25 -103.2 f 0 0 s 0.1 #333 1 m -13.8 -92.2 q -13.45 -94.05 -12.6 -95.7 f 0 0 s 0.1 #333 1 m -14 -76.3 l -14 -80 f 0 0 s 0.1 #333 1 m -14 -84.3 l -14 -88 f 0 0 s 0.1 #333 1 m -14 -68.3 l -14 -72 f 0 0 s 0.1 #333 1 m -14 -52.3 l -14 -56 f 0 0 s 0.1 #333 1 m -14 -60.3 l -14 -64 f 0 0 s 0.1 #333 1 m -14 -44.3 l -14 -48 f 0 0 s 0.1 #333 1 m -14 -28.3 l -14 -32 f 0 0 s 0.1 #333 1 m -14 -36.3 l -14 -40 f 0 0 s 0.1 #333 1 m -14 -20.3 l -14 -24 f 0 0 s 0.1 #333 1 m -14 -4.3 l -14 -8 f 0 0 s 0.1 #333 1 m -14 -12.3 l -14 -16 f 0 0 s 1 #333 1 m 7.3 -90.95 q 7.3 -90.1 6.65 -89.5 q 6.05 -88.85 5.2 -88.85 q 4.35 -88.85 3.7 -89.5 q 3.1 -90.1 3.1 -90.95 q 3.1 -91.8 3.7 -92.45 q 4.35 -93.05 5.2 -93.05 q 6.05 -93.05 6.65 -92.45 q 7.3 -91.8 7.3 -90.95 f 0 0 s 1 #333 1 m 7.3 -83.7 q 7.3 -82.85 6.65 -82.25 q 6.05 -81.6 5.2 -81.6 q 4.35 -81.6 3.7 -82.25 q 3.1 -82.85 3.1 -83.7 q 3.1 -84.55 3.7 -85.2 q 4.35 -85.8 5.2 -85.8 q 6.05 -85.8 6.65 -85.2 q 7.3 -84.55 7.3 -83.7 f 0 0 s 1 #333 1 m -2 -90.95 q -2 -90.1 -2.65 -89.5 q -3.25 -88.85 -4.1 -88.85 q -4.95 -88.85 -5.6 -89.5 q -6.2 -90.1 -6.2 -90.95 q -6.2 -91.8 -5.6 -92.45 q -4.95 -93.05 -4.1 -93.05 q -3.25 -93.05 -2.65 -92.45 q -2 -91.8 -2 -90.95 f 0 0 s 1 #333 1 m -2.2 -83.7 q -2.2 -82.85 -2.85 -82.25 q -3.45 -81.6 -4.3 -81.6 q -5.15 -81.6 -5.8 -82.25 q -6.4 -82.85 -6.4 -83.7 q -6.4 -84.55 -5.8 -85.2 q -5.15 -85.8 -4.3 -85.8 q -3.45 -85.8 -2.85 -85.2 q -2.2 -84.55 -2.2 -83.7
f #333 1 m -14 -1.15 q -13.25 -1.45 -12.45 -1.65 l -14 -2.55 l -14 -1.15 c f #333 1 m -21.15 -12 l -21.1 -6.45 l -14 -2.55 l -12.45 -1.65 q -11.05 -2.1 -9.6 -2.4 l -6.9 -7.8 l -14 -9.9 l -21.15 -12 c f #333 1 m -21.15 -24 l -21.1 -18.45 l -14 -14.55 l -10.5 -12.6 l -6.9 -19.8 l -14 -21.9 l -21.15 -24 c f #333 1 m -6.9 -31.8 l -14 -33.9 l -21.15 -36 l -21.1 -30.45 l -14 -26.55 l -10.5 -24.6 l -6.9 -31.8 c f #333 1 m -6.9 -43.75 l -14 -45.85 l -21.15 -47.95 l -21.1 -42.4 l -14 -38.5 l -10.5 -36.55 l -6.9 -43.75 c f #333 1 m -21.15 -72 l -21.1 -66.45 l -14 -62.55 l -10.5 -60.6 l -6.9 -67.8 l -14 -69.9 l -21.15 -72 c f #333 1 m -21.15 -60 l -21.1 -54.45 l -14 -50.55 l -10.5 -48.6 l -6.9 -55.8 l -14 -57.9 l -21.15 -60 c f #333 1 m -6.9 -79.8 l -14 -81.9 l -21.15 -84 l -21.1 -78.45 l -14 -74.55 l -10.5 -72.6 l -6.9 -79.8 c f #333 1 m -6.9 -91.8 l -14 -93.9 l -21.15 -96 l -21.1 -90.45 l -14 -86.55 l -10.5 -84.6 l -6.9 -91.8 c f #333 1 m -21.15 -120 l -21.1 -114.45 l -14 -110.55 l -10.5 -108.6 l -6.9 -115.8 l -14 -117.9 l -21.15 -120 c f #333 1 m -21.15 -108 l -21.1 -102.45 l -14 -98.55 l -10.5 -96.6 l -6.9 -103.8 l -14 -105.9 l -21.15 -108 c f #333 1 m -12.65 -129.55 l -19.75 -133.3 l -20.8 -127.85 l -14 -122.15 l -11.55 -120.05 l -6.65 -126.4 l -9.95 -128.15 l -10.35 -128 l -10.45 -128.4 l -12.65 -129.55 c f #333 1 m -10.45 -128.4 l -11.2 -131.85 q -12.1 -130.8 -12.65 -129.55 l -10.45 -128.4 c f #333 1 m -5.5 -136.3 l -8.85 -143.5 l -12.95 -139.75 l -11.2 -131.85 l -10.45 -128.4 l -10.35 -128 l -9.95 -128.15 l -2.55 -130.05 l -3.9 -132.9 l -4.65 -133.3 l -4.35 -133.85 l -5.5 -136.3 c f #333 1 m -2.4 -137.2 q -4.05 -136.95 -5.5 -136.3 l -4.35 -133.85 l -2.4 -137.2 c f #333 1 m 14 -10.8 l 10.35 -12.8 l 6.75 -5.6 l 14 -3.5 l 21 -1.4 l 20.95 -6.95 l 14 -10.8 c f #333 1 m 6.75 -17.6 l 14 -15.5 l 21 -13.4 l 20.95 -18.95 l 14 -22.8 l 10.35 -24.8 l 6.75 -17.6 c f #333 1 m 21 -37.4 l 20.95 -42.95 l 14 -46.8 l 10.35 -48.8 l 6.75 -41.6 l 14 -39.5 l 21 -37.4 c f #333 1 m 21 -25.4 l 20.95 -30.95 l 14 -34.8 l 10.35 -36.8 l 6.75 -29.6 l 14 -27.5 l 21 -25.4 c f #333 1 m 14 -70.8 l 10.35 -72.8 l 6.75 -65.6 l 14 -63.5 l 21 -61.4 l 20.95 -66.95 l 14 -70.8 c f #333 1 m 14 -58.8 l 10.35 -60.8 l 6.75 -53.6 l 14 -51.5 l 21 -49.4 l 20.95 -54.95 l 14 -58.8 c f #333 1 m 6.75 -77.65 l 14 -75.55 l 21 -73.45 l 20.95 -79 l 14 -82.85 l 10.35 -84.85 l 6.75 -77.65 c f #333 1 m 21 -85.4 l 20.95 -90.95 l 14 -94.8 l 10.35 -96.8 l 6.75 -89.6 l 14 -87.5 l 21 -85.4 c f #333 1 m 14 -106.8 l 10.35 -108.8 l 6.75 -101.6 l 14 -99.5 l 21 -97.4 l 20.95 -102.95 l 14 -106.8 c f #333 1 m 14 -118.8 l 10.35 -120.8 l 6.75 -113.6 l 14 -111.5 l 21 -109.4 l 20.95 -114.95 l 14 -118.8 c f #333 1 m 10.9 -129.5 l 13 -128.8 q 12.65 -129.6 12.25 -130.3 l 10.9 -129.5 c f #333 1 m 4.05 -134.7 l 6.95 -135.6 q 5.85 -136.2 4.7 -136.6 l 4.05 -134.7 c f #333 1 m 8.95 -130.15 l 8.35 -128.05 l 6.7 -122.4 l 14 -121.65 l 21.5 -120.9 l 20.45 -126.35 l 13 -128.8 l 10.9 -129.5 l 8.95 -130.15 c f #333 1 m 6.4 -126.95 l 3.85 -134 l 2.45 -129.55 l -3.9 -132.9 l -2.55 -130.05 l -9.95 -128.15 l -6.65 -126.4 l -11.55 -120.05 l -14 -122.15 l -14 -117.9 l -6.9 -115.8 l -10.5 -108.6 l -14 -110.55 l -14 -105.9 l -6.9 -103.8 l -10.5 -96.6 l -14 -98.55 l -14 -93.9 l -6.9 -91.8 l -10.5 -84.6 l -14 -86.55 l -14 -81.9 l -6.9 -79.8 l -10.5 -72.6 l -14 -74.55 l -14 -69.9 l -6.9 -67.8 l -10.5 -60.6 l -14 -62.55 l -14 -57.9 l -6.9 -55.8 l -10.5 -48.6 l -14 -50.55 l -14 -45.85 l -6.9 -43.75 l -10.5 -36.55 l -14 -38.5 l -14 -33.9 l -6.9 -31.8 l -10.5 -24.6 l -14 -26.55 l -14 -21.9 l -6.9 -19.8 l -10.5 -12.6 l -14 -14.55 l -14 -9.9 l -6.9 -7.8 l -9.6 -2.4 q -5.05 -3.4 0 -3.4 q 7.4 -3.4 14 -1.15 l 14 -1.75 l 14 -3.5 l 6.75 -5.6 l 10.35 -12.8 l 14 -10.8 l 14 -15.5 l 6.75 -17.6 l 10.35 -24.8 l 14 -22.8 l 14 -27.5 l 6.75 -29.6 l 10.35 -36.8 l 14 -34.8 l 14 -39.5 l 6.75 -41.6 l 10.35 -48.8 l 14 -46.8 l 14 -51.5 l 6.75 -53.6 l 10.35 -60.8 l 14 -58.8 l 14 -63.5 l 6.75 -65.6 l 10.35 -72.8 l 14 -70.8 l 14 -75.55 l 6.75 -77.65 l 10.35 -84.85 l 14 -82.85 l 14 -87.5 l 6.75 -89.6 l 10.35 -96.8 l 14 -94.8 l 14 -99.5 l 6.75 -101.6 l 10.35 -108.8 l 14 -106.8 l 14 -111.5 l 6.75 -113.6 l 10.35 -120.8 l 14 -118.8 l 14 -121.65 l 6.7 -122.4 l 8.35 -128.05 l 6.4 -126.95 c f #333 1 m 4.05 -134.7 l 3.65 -134.55 l 3.85 -134 l 6.4 -126.95 l 8.35 -128.05 l 8.95 -130.15 l 10.9 -129.5 l 12.25 -130.3 l 19.25 -134.3 l 15.2 -138.1 l 6.95 -135.6 l 4.05 -134.7 c f #333 1 m 4.7 -136.6 l 6.95 -143.7 l 1.4 -143.75 l -2.4 -137.2 l -4.35 -133.85 l -4.65 -133.3 l -3.9 -132.9 l 2.45 -129.55 l 3.85 -134 l 3.65 -134.55 l 4.05 -134.7 l 4.7 -136.6 c f 0 0 s 0.1 #333 1 m -14 -1.15 l -14 -2.55 l -21.1 -6.45 l -21.15 -12 l -14 -9.9 l -14 -14.55 l -21.1 -18.45 l -21.15 -24 l -14 -21.9 l -14 -26.55 l -21.1 -30.45 l -21.15 -36 l -14 -33.9 l -14 -38.5 l -21.1 -42.4 l -21.15 -47.95 l -14 -45.85 l -14 -50.55 l -21.1 -54.45 l -21.15 -60 l -14 -57.9 l -14 -62.55 l -21.1 -66.45 l -21.15 -72 l -14 -69.9 l -14 -74.55 l -21.1 -78.45 l -21.15 -84 l -14 -81.9 l -14 -86.55 l -21.1 -90.45 l -21.15 -96 l -14 -93.9 l -14 -98.55 l -21.1 -102.45 l -21.15 -108 l -14 -105.9 l -14 -110.55 l -21.1 -114.45 l -21.15 -120 l -14 -117.9 l -14 -122.15 l -20.8 -127.85 l -19.75 -133.3 l -12.65 -129.55 q -12.1 -130.8 -11.2 -131.85 l -12.95 -139.75 l -8.85 -143.5 l -5.5 -136.3 q -4.05 -136.95 -2.4 -137.2 l 1.4 -143.75 l 6.95 -143.7 l 4.7 -136.6 q 5.85 -136.2 6.95 -135.6 l 15.2 -138.1 l 19.25 -134.3 l 12.25 -130.3 q 12.65 -129.6 13 -128.8 l 20.45 -126.35 l 21.5 -120.9 l 14 -121.65 l 14 -118.8 l 20.95 -114.95 l 21 -109.4 l 14 -111.5 l 14 -106.8 l 20.95 -102.95 l 21 -97.4 l 14 -99.5 l 14 -94.8 l 20.95 -90.95 l 21 -85.4 l 14 -87.5 l 14 -82.85 l 20.95 -79 l 21 -73.45 l 14 -75.55 l 14 -70.8 l 20.95 -66.95 l 21 -61.4 l 14 -63.5 l 14 -58.8 l 20.95 -54.95 l 21 -49.4 l 14 -51.5 l 14 -46.8 l 20.95 -42.95 l 21 -37.4 l 14 -39.5 l 14 -34.8 l 20.95 -30.95 l 21 -25.4 l 14 -27.5 l 14 -22.8 l 20.95 -18.95 l 21 -13.4 l 14 -15.5 l 14 -10.8 l 20.95 -6.95 l 21 -1.4 l 14 -3.5 l 14 -1.75 l 14 -1.15 f 0 0 s 0.1 #333 1 m -2.4 -137.2 l -4.35 -133.85 l -4.65 -133.3 l -3.9 -132.9 l 2.45 -129.55 l 3.85 -134 l 3.65 -134.55 l 4.05 -134.7 l 4.7 -136.6 f 0 0 s 0.1 #333 1 m 14 -121.65 l 6.7 -122.4 l 8.35 -128.05 l 6.4 -126.95 l 3.85 -134 f 0 0 s 0.1 #333 1 m 8.35 -128.05 l 8.95 -130.15 l 10.9 -129.5 l 12.25 -130.3 f 0 0 s 0.1 #333 1 m 4.05 -134.7 l 6.95 -135.6 f 0 0 s 0.1 #333 1 m 10.9 -129.5 l 13 -128.8 f 0 0 s 0.1 #333 1 m 14 -111.5 l 6.75 -113.6 l 10.35 -120.8 l 14 -118.8 f 0 0 s 0.1 #333 1 m 14 -99.5 l 6.75 -101.6 l 10.35 -108.8 l 14 -106.8 f 0 0 s 0.1 #333 1 m 14 -87.5 l 6.75 -89.6 l 10.35 -96.8 l 14 -94.8 f 0 0 s 0.1 #333 1 m 14 -75.55 l 6.75 -77.65 l 10.35 -84.85 l 14 -82.85 f 0 0 s 0.1 #333 1 m 14 -51.5 l 6.75 -53.6 l 10.35 -60.8 l 14 -58.8 f 0 0 s 0.1 #333 1 m 14 -63.5 l 6.75 -65.6 l 10.35 -72.8 l 14 -70.8 f 0 0 s 0.1 #333 1 m 14 -27.5 l 6.75 -29.6 l 10.35 -36.8 l 14 -34.8 f 0 0 s 0.1 #333 1 m 14 -39.5 l 6.75 -41.6 l 10.35 -48.8 l 14 -46.8 f 0 0 s 0.1 #333 1 m 14 -15.5 l 6.75 -17.6 l 10.35 -24.8 l 14 -22.8 f 0 0 s 0.1 #333 1 m 14 -3.5 l 6.75 -5.6 l 10.35 -12.8 l 14 -10.8 f 0 0 s 0.1 #333 1 m -12.65 -129.55 l -10.45 -128.4 l -11.2 -131.85 f 0 0 s 0.1 #333 1 m -14 -122.15 l -11.55 -120.05 l -6.65 -126.4 l -9.95 -128.15 l -10.35 -128 l -10.45 -128.4 f 0 0 s 0.1 #333 1 m -3.9 -132.9 l -2.55 -130.05 l -9.95 -128.15 f 0 0 s 0.1 #333 1 m -5.5 -136.3 l -4.35 -133.85 f 0 0 s 0.1 #333 1 m -14 -117.9 l -6.9 -115.8 l -10.5 -108.6 l -14 -110.55 f 0 0 s 0.1 #333 1 m -14 -105.9 l -6.9 -103.8 l -10.5 -96.6 l -14 -98.55 f 0 0 s 0.1 #333 1 m -14 -93.9 l -6.9 -91.8 l -10.5 -84.6 l -14 -86.55 f 0 0 s 0.1 #333 1 m -14 -81.9 l -6.9 -79.8 l -10.5 -72.6 l -14 -74.55 f 0 0 s 0.1 #333 1 m -14 -69.9 l -6.9 -67.8 l -10.5 -60.6 l -14 -62.55 f 0 0 s 0.1 #333 1 m -14 -57.9 l -6.9 -55.8 l -10.5 -48.6 l -14 -50.55 f 0 0 s 0.1 #333 1 m -14 -45.85 l -6.9 -43.75 l -10.5 -36.55 l -14 -38.5 f 0 0 s 0.1 #333 1 m -14 -33.9 l -6.9 -31.8 l -10.5 -24.6 l -14 -26.55 f 0 0 s 0.1 #333 1 m -14 -21.9 l -6.9 -19.8 l -10.5 -12.6 l -14 -14.55 f 0 0 s 0.1 #333 1 m -12.45 -1.65 l -14 -2.55 f 0 0 s 0.1 #333 1 m -14 -9.9 l -6.9 -7.8 l -9.6 -2.4
f #333 1 m -8.75 -2.55 q -9.5 -3.45 -10.3 -4.2 q -13.45 -7.55 -16.25 -9.8 q -20.4 -13.15 -23.65 -14.15 l -23.9 3.85 q -21 1.9 -17.95 0.45 q -13.55 -1.6 -8.75 -2.55 c f #333 1 m -23.35 -34.05 q -23.5 -34.15 -23.65 -34.15 l -23.7 -29.1 l -23.85 -20.15 l -23.9 -14.25 q -23.75 -14.2 -23.65 -14.15 q -20.4 -13.15 -16.25 -9.8 q -13.45 -7.55 -10.3 -4.2 q -9.5 -3.45 -8.75 -2.55 q -8.1 -2.7 -7.5 -2.8 l -7.5 -21.2 q -17.05 -31.95 -23.35 -34.05 c f #333 1 m -23.65 -54.15 l -23.7 -51.2 l -23.9 -34.25 q -23.75 -34.2 -23.65 -34.15 q -23.5 -34.15 -23.35 -34.05 q -17.05 -31.95 -7.5 -21.2 l -7.5 -41.2 q -8.15 -42 -8.85 -42.7 q -10.75 -44.8 -12.55 -46.5 q -18.05 -51.8 -22.2 -53.6 q -22.65 -53.8 -23.1 -53.95 q -23.2 -54.05 -23.35 -54.05 q -23.5 -54.15 -23.65 -54.15 c f #333 1 m -22.8 -73.85 q -22.9 -73.9 -23.05 -73.95 q -23.2 -74.05 -23.35 -74.05 q -23.5 -74.15 -23.65 -74.15 l -23.9 -56.55 l -23.9 -54.25 q -23.75 -54.2 -23.65 -54.15 q -23.5 -54.15 -23.35 -54.05 q -23.2 -54.05 -23.1 -53.95 q -22.65 -53.8 -22.2 -53.6 q -18.05 -51.8 -12.55 -46.5 q -10.75 -44.8 -8.85 -42.7 q -8.15 -42 -7.5 -41.2 l -7.5 -45.5 q -7.45 -48.5 -5.3 -50.7 q -4.6 -51.4 -3.75 -51.9 l -3.75 -56.85 q -6.5 -60.15 -9 -62.85 q -12.95 -67.1 -16.3 -69.8 q -19.85 -72.75 -22.8 -73.85 c f #333 1 m -23.6 -88.2 l -23.55 -85.55 l -23.5 -90.8 l -23.6 -88.2 c f #333 1 m -10.55 -149.9 q -10.05 -153.65 -13.2 -152.9 l -14.45 -148.4 q -11.9 -146.15 -10.55 -149.9 c f #333 1 m -7.05 -166.6 q -6.85 -166.35 -6.65 -166.1 q -6.95 -166.55 -7.3 -166.95 q -7.2 -166.8 -7.05 -166.6 c f #333 1 m -0.9 -178.2 q -5.8 -182.1 -12.85 -179.6 q -12.25 -176.2 -10.7 -172.8 q -9.75 -170.75 -8.45 -168.65 q -7.9 -170.75 -7.15 -172.4 q -5 -176.75 -0.9 -178.2 c f #333 1 m 15 -43.1 q 18.95 -45.05 23.85 -40.9 q 23.1 -51.8 15 -51.85 l 15 -43.1 c f #333 1 m 15 -33.1 l 15 -24.35 q 18.95 -26.3 23.85 -22.15 q 23.1 -33.05 15 -33.1 c f #333 1 m 15 -14.35 l 15 -5.6 q 18.95 -7.55 23.85 -3.4 q 23.1 -14.3 15 -14.35 c f #333 1 m 15 -70.6 l 15 -61.85 q 18.95 -63.8 23.85 -59.65 q 23.1 -70.55 15 -70.6 c f #333 1 m 6.25 -49.55 q 5.85 -50.15 5.3 -50.7 q 3.15 -52.85 0 -52.85 q -2.1 -52.85 -3.75 -51.9 q -4.6 -51.4 -5.3 -50.7 q -7.45 -48.5 -7.5 -45.5 l -7.5 -41.2 l -7.5 -21.2 l -7.5 -2.8 q -3.85 -3.4 0 -3.4 q 3.85 -3.4 7.5 -2.8 l 7.5 -45.55 q 7.45 -47.75 6.25 -49.55 m 0 -46.1 q 0.95 -46.1 1.65 -45.4 q 2.3 -44.7 2.3 -43.8 q 2.3 -42.85 1.65 -42.15 q 0.95 -41.45 0 -41.45 q -0.95 -41.45 -1.6 -42.15 q -2.3 -42.85 -2.3 -43.8 q -2.3 -44.7 -1.6 -45.4 q -0.95 -46.1 0 -46.1 h m 0 -31.7 q 0.95 -31.7 1.65 -31 q 2.3 -30.3 2.3 -29.4 q 2.3 -28.45 1.65 -27.75 q 0.95 -27.05 0 -27.05 q -0.95 -27.05 -1.6 -27.75 q -2.3 -28.45 -2.3 -29.4 q -2.3 -30.3 -1.6 -31 q -0.95 -31.7 0 -31.7 h c f #333 1 m 1.65 -31 q 0.95 -31.7 0 -31.7 q -0.95 -31.7 -1.6 -31 q -2.3 -30.3 -2.3 -29.4 q -2.3 -28.45 -1.6 -27.75 q -0.95 -27.05 0 -27.05 q 0.95 -27.05 1.65 -27.75 q 2.3 -28.45 2.3 -29.4 q 2.3 -30.3 1.65 -31 c f #333 1 m 1.65 -45.4 q 0.95 -46.1 0 -46.1 q -0.95 -46.1 -1.6 -45.4 q -2.3 -44.7 -2.3 -43.8 q -2.3 -42.85 -1.6 -42.15 q -0.95 -41.45 0 -41.45 q 0.95 -41.45 1.65 -42.15 q 2.3 -42.85 2.3 -43.8 q 2.3 -44.7 1.65 -45.4 c f #333 1 m 15 -89.35 l 15 -80.6 q 18.95 -82.55 23.85 -78.4 q 23.1 -89.3 15 -89.35 c f #333 1 m 15 -126.85 l 15 -118.1 q 18.95 -120.05 23.85 -115.9 q 23.1 -126.8 15 -126.85 c f #333 1 m 2.25 -117.7 q 1.4 -117.45 0.55 -117.2 q -1.6 -116.7 -3.75 -116.65 l -3.75 -56.85 l -3.75 -51.9 q -2.1 -52.85 0 -52.85 q 3.15 -52.85 5.3 -50.7 q 5.85 -50.15 6.25 -49.55 l 6.25 -131.65 l 2.25 -117.7 c f #333 1 m 15 -108.1 l 15 -99.35 q 18.95 -101.3 23.85 -97.15 q 23.1 -108.05 15 -108.1 c f #333 1 m 15 -145.6 l 15 -136.85 q 18.95 -138.8 23.85 -134.65 q 23.1 -145.55 15 -145.6 c f #333 1 m 3.3 -164.95 q 4.95 -168.55 10.9 -169.05 q 2.75 -176.1 -2.95 -170.7 l 3.3 -164.95 c f #333 1 m 6.5 -149.85 q 6.35 -150.2 6.2 -150.5 q 6.25 -150.4 6.3 -150.25 q 6.4 -150.05 6.5 -149.85 c f #333 1 m 9.6 -161.7 l 7.5 -161.15 l 9.5 -159.35 q 11.6 -157.1 12.95 -154 q 16.1 -155.7 20.95 -153.4 q 17.45 -163.75 9.6 -161.7 c f #333 1 m 7.5 -161.15 l 3.3 -164.95 l -2.95 -170.7 l -3.5 -171.15 q -5.35 -172 -7.15 -172.4 q -7.9 -170.75 -8.45 -168.65 q -8.35 -168.6 -8.35 -168.5 q -8.25 -168.45 -8.25 -168.35 l -7.5 -167.25 q -7.4 -167.15 -7.3 -166.95 q -6.95 -166.55 -6.65 -166.1 l -6.5 -165.9 l -1.95 -160.75 q -1.35 -160.25 -0.8 -159.7 q -0.5 -159.4 -0.15 -159.1 l -0.15 -159.05 q 1.65 -157.45 3.05 -155.65 q 3.15 -155.6 3.2 -155.5 q 4 -154.5 4.65 -153.45 q 4.7 -153.35 4.75 -153.25 l 6.2 -150.5 q 6.35 -150.2 6.5 -149.85 q 6.5 -149.8 6.5 -149.75 q 6.55 -149.7 6.6 -149.6 l 7.65 -145.85 l 6.6 -149.6 q 6.55 -149.7 6.5 -149.75 q 6.5 -149.8 6.5 -149.85 q 6.4 -150.05 6.3 -150.25 q 6.25 -150.4 6.2 -150.5 l 4.75 -153.25 q 4.7 -153.35 4.65 -153.45 q 4 -154.5 3.2 -155.5 q 3.15 -155.6 3.05 -155.65 q 1.65 -157.45 -0.15 -159.05 l -0.15 -159.1 q -0.5 -159.4 -0.8 -159.7 q -1.35 -160.25 -1.95 -160.75 l -6.5 -165.9 l -6.65 -166.1 q -6.85 -166.35 -7.05 -166.6 q -7.2 -166.8 -7.3 -166.95 q -7.4 -167.15 -7.5 -167.25 l -8.25 -168.35 q -8.25 -168.45 -8.35 -168.5 q -8.35 -168.6 -8.45 -168.65 q -9.75 -170.75 -10.7 -172.8 q -12.25 -176.2 -12.85 -179.6 q -13.5 -179.4 -14.2 -179.1 q -16.15 -178.25 -17.7 -177.2 q -22.2 -174 -22.5 -168.85 l -23.5 -90.8 l -23.55 -85.55 l -23.65 -74.15 q -23.5 -74.15 -23.35 -74.05 q -23.2 -74.05 -23.05 -73.95 q -22.9 -73.9 -22.8 -73.85 q -19.85 -72.75 -16.3 -69.8 q -12.95 -67.1 -9 -62.85 q -6.5 -60.15 -3.75 -56.85 l -3.75 -116.65 q -6.75 -116.55 -9.75 -117.35 q -12.25 -118.05 -14.7 -119.3 q -17.1 -121.4 -14.7 -132.15 q -17.9 -133.3 -18.05 -135.6 l -14.45 -148.4 l -13.2 -152.9 q -10.05 -153.65 -10.55 -149.9 q -11.9 -146.15 -14.45 -148.4 l -18.05 -135.6 q -17.9 -133.3 -14.7 -132.15 q -17.1 -121.4 -14.7 -119.3 q -12.25 -118.05 -9.75 -117.35 q -6.75 -116.55 -3.75 -116.65 q -1.6 -116.7 0.55 -117.2 q 1.4 -117.45 2.25 -117.7 l 6.25 -131.65 l 7.1 -134.65 q 7.15 -134.8 7.15 -134.95 q 7.2 -135.1 7.2 -135.15 l 8.05 -141.55 l 7.2 -135.15 q 7.2 -135.1 7.15 -134.95 q 7.15 -134.8 7.1 -134.65 l 6.25 -131.65 l 6.25 -49.55 q 7.45 -47.75 7.5 -45.55 l 7.5 -2.8 q 11.4 -2.15 15 -0.8 l 15 -5.6 l 15 -14.35 l 15 -24.35 l 15 -33.1 l 15 -43.1 l 15 -51.85 l 15 -61.85 l 15 -70.6 l 15 -80.6 l 15 -89.35 l 15 -99.35 l 15 -108.1 l 15 -118.1 l 15 -126.85 l 15 -136.85 l 15 -145.6 q 14.55 -150.35 12.95 -154 q 11.6 -157.1 9.5 -159.35 l 7.5 -161.15 c f 0 0 s 1 #333 1 m -23.6 -88.2 l -23.5 -90.8 l -22.5 -168.85 q -22.2 -174 -17.7 -177.2 q -16.15 -178.25 -14.2 -179.1 q -13.5 -179.4 -12.85 -179.6 q -5.8 -182.1 -0.9 -178.2 q -5 -176.75 -7.15 -172.4 q -5.35 -172 -3.5 -171.15 l -2.95 -170.7 q 2.75 -176.1 10.9 -169.05 q 4.95 -168.55 3.3 -164.95 l 7.5 -161.15 l 9.6 -161.7 q 17.45 -163.75 20.95 -153.4 q 16.1 -155.7 12.95 -154 q 14.55 -150.35 15 -145.6 q 23.1 -145.55 23.85 -134.65 q 18.95 -138.8 15 -136.85 l 15 -126.85 q 23.1 -126.8 23.85 -115.9 q 18.95 -120.05 15 -118.1 l 15 -108.1 q 23.1 -108.05 23.85 -97.15 q 18.95 -101.3 15 -99.35 l 15 -89.35 q 23.1 -89.3 23.85 -78.4 q 18.95 -82.55 15 -80.6 l 15 -70.6 q 23.1 -70.55 23.85 -59.65 q 18.95 -63.8 15 -61.85 l 15 -51.85 q 23.1 -51.8 23.85 -40.9 q 18.95 -45.05 15 -43.1 l 15 -33.1 q 23.1 -33.05 23.85 -22.15 q 18.95 -26.3 15 -24.35 l 15 -14.35 q 23.1 -14.3 23.85 -3.4 q 18.95 -7.55 15 -5.6 l 15 -0.8 f 0 0 s 1 #333 1 m -23.9 3.85 l -23.65 -14.15 q -23.75 -14.2 -23.9 -14.25 l -23.85 -20.15 l -23.7 -29.1 l -23.65 -34.15 q -23.75 -34.2 -23.9 -34.25 l -23.7 -51.2 l -23.65 -54.15 q -23.75 -54.2 -23.9 -54.25 l -23.9 -56.55 l -23.65 -74.15 q -23.75 -74.2 -23.9 -74.25 l -23.6 -88.2 l -23.55 -85.55 l -23.5 -90.8 f 0 0 s 1 #333 1 m -7.15 -172.4 q -7.9 -170.75 -8.45 -168.65 q -8.35 -168.6 -8.35 -168.5 q -8.25 -168.45 -8.25 -168.35 l -7.5 -167.25 q -7.4 -167.15 -7.3 -166.95 q -6.95 -166.55 -6.65 -166.1 l -6.5 -165.9 l -1.95 -160.75 q -1.35 -160.25 -0.8 -159.7 q -0.5 -159.4 -0.15 -159.1 l -0.15 -159.05 q 1.65 -157.45 3.05 -155.65 q 3.15 -155.6 3.2 -155.5 q 4 -154.5 4.65 -153.45 q 4.7 -153.35 4.75 -153.25 l 6.2 -150.5 q 6.35 -150.2 6.5 -149.85 q 6.5 -149.8 6.5 -149.75 q 6.55 -149.7 6.6 -149.6 l 7.65 -145.85 f 0 0 s 1 #333 1 m 6.2 -150.5 q 6.25 -150.4 6.3 -150.25 q 6.4 -150.05 6.5 -149.85 f 0 0 s 1 #333 1 m 7.5 -161.15 l 9.5 -159.35 q 11.6 -157.1 12.95 -154 f 0 0 s 1 #333 1 m 15 -145.6 l 15 -136.85 f 0 0 s 1 #333 1 m 8.05 -141.55 l 7.2 -135.15 q 7.2 -135.1 7.15 -134.95 q 7.15 -134.8 7.1 -134.65 l 6.25 -131.65 l 6.25 -49.55 q 7.45 -47.75 7.5 -45.55 l 7.5 -2.8 f 0 0 s 1 #333 1 m 15 -108.1 l 15 -99.35 f 0 0 s 1 #333 1 m 6.25 -131.65 l 2.25 -117.7 q 1.4 -117.45 0.55 -117.2 q -1.6 -116.7 -3.75 -116.65 l -3.75 -56.85 l -3.75 -51.9 q -2.1 -52.85 0 -52.85 q 3.15 -52.85 5.3 -50.7 q 5.85 -50.15 6.25 -49.55 f 0 0 s 1 #333 1 m 15 -126.85 l 15 -118.1 f 0 0 s 1 #333 1 m 15 -89.35 l 15 -80.6 f 0 0 s 1 #333 1 m 15 -70.6 l 15 -61.85 f 0 0 s 1 #333 1 m -2.3 -43.8 q -2.3 -42.85 -1.6 -42.15 q -0.95 -41.45 0 -41.45 q 0.95 -41.45 1.65 -42.15 q 2.3 -42.85 2.3 -43.8 q 2.3 -44.7 1.65 -45.4 q 0.95 -46.1 0 -46.1 q -0.95 -46.1 -1.6 -45.4 q -2.3 -44.7 -2.3 -43.8 f 0 0 s 1 #333 1 m -2.3 -29.4 q -2.3 -28.45 -1.6 -27.75 q -0.95 -27.05 0 -27.05 q 0.95 -27.05 1.65 -27.75 q 2.3 -28.45 2.3 -29.4 q 2.3 -30.3 1.65 -31 q 0.95 -31.7 0 -31.7 q -0.95 -31.7 -1.6 -31 q -2.3 -30.3 -2.3 -29.4 f 0 0 s 1 #333 1 m 15 -14.35 l 15 -5.6 f 0 0 s 1 #333 1 m 15 -33.1 l 15 -24.35 f 0 0 s 1 #333 1 m 15 -51.85 l 15 -43.1 f 0 0 s 1 #333 1 m -7.3 -166.95 q -7.2 -166.8 -7.05 -166.6 q -6.85 -166.35 -6.65 -166.1 f 0 0 s 1 #333 1 m -3.75 -116.65 q -6.75 -116.55 -9.75 -117.35 q -12.25 -118.05 -14.7 -119.3 q -17.1 -121.4 -14.7 -132.15 q -17.9 -133.3 -18.05 -135.6 l -14.45 -148.4 l -13.2 -152.9 q -10.05 -153.65 -10.55 -149.9 q -11.9 -146.15 -14.45 -148.4 f 0 0 s 1 #333 1 m -12.85 -179.6 q -12.25 -176.2 -10.7 -172.8 q -9.75 -170.75 -8.45 -168.65 f 0 0 s 1 #333 1 m -23.65 -74.15 q -23.5 -74.15 -23.35 -74.05 q -23.2 -74.05 -23.05 -73.95 q -22.9 -73.9 -22.8 -73.85 q -19.85 -72.75 -16.3 -69.8 q -12.95 -67.1 -9 -62.85 q -6.5 -60.15 -3.75 -56.85 f 0 0 s 1 #333 1 m -23.65 -54.15 q -23.5 -54.15 -23.35 -54.05 q -23.2 -54.05 -23.1 -53.95 q -22.65 -53.8 -22.2 -53.6 q -18.05 -51.8 -12.55 -46.5 q -10.75 -44.8 -8.85 -42.7 q -8.15 -42 -7.5 -41.2 l -7.5 -45.5 q -7.45 -48.5 -5.3 -50.7 q -4.6 -51.4 -3.75 -51.9 f 0 0 s 1 #333 1 m -23.65 -74.15 l -23.55 -85.55 f 0 0 s 1 #333 1 m -23.65 -34.15 q -23.5 -34.15 -23.35 -34.05 q -17.05 -31.95 -7.5 -21.2 l -7.5 -41.2 f 0 0 s 1 #333 1 m -23.65 -14.15 q -20.4 -13.15 -16.25 -9.8 q -13.45 -7.55 -10.3 -4.2 q -9.5 -3.45 -8.75 -2.55 f 0 0 s 1 #333 1 m -7.5 -21.2 l -7.5 -2.8 f 0 0 s 1 #333 1 m -2.95 -170.7 l 3.3 -164.95
f #333 1 m -1.3 -32.15 l -1.3 -34.7 q -3.75 -35.05 -6 -33.35 l -6 -32.15 l -1.3 -32.15 c f #333 1 m -1.3 -41.3 q -3.75 -41.65 -6 -40 l -6 -34 q -4.6 -35.9 -1.3 -36.55 l -1.3 -41.3 c f #333 1 m -4.2 -47.6 q -4.45 -48.1 -4.55 -48.55 q -5.65 -47.85 -6.3 -46.85 l -6 -46.6 q -5.15 -47.3 -4.2 -47.6 c f #333 1 m -1.3 -44.7 q -2.65 -45.3 -3.7 -46.75 q -4 -47.2 -4.2 -47.6 q -5.15 -47.3 -6 -46.6 l -6 -40.6 q -4.6 -42.5 -1.3 -43.15 l -1.3 -44.7 c f #333 1 m -10 -50.05 l -10.05 -50.1 l -12.05 -48.05 l -11.95 -47.25 q -11.9 -47.15 -11.9 -47.1 l -11.95 -47.1 q -12.35 -47.25 -12.7 -47.4 l -15.9 -44.15 l -27 -6.85 l -20.4 1.65 q -17.3 -0.1 -13.9 -1.2 l -13.9 -21.95 q -13.9 -25.05 -12.5 -27.85 q -11.55 -29.9 -10 -30.95 q -8.65 -32 -6.75 -32.15 l -6 -32.15 l -6 -33.35 l -6 -34 l -6 -40 l -6 -40.6 l -6 -46.6 l -6.3 -46.85 l -10 -50.05 c f #333 1 m -6.45 -53.1 q -6.5 -53.15 -6.5 -53.15 l -10 -51.55 l -10 -50.05 l -6.3 -46.85 q -5.65 -47.85 -4.55 -48.55 q -5.15 -51.3 -2 -54.4 l -1.3 -54.4 l -1.3 -54.55 q -2.8 -54.8 -4.2 -54.25 l -4.15 -54.2 l -5.4 -53.65 q -5.85 -53.4 -6.25 -53.05 q -6.3 -53 -6.35 -53 q -6.4 -53 -6.4 -53.05 l -6.45 -53.1 c f #333 1 m -6.5 -53.15 q -6.5 -53.15 -6.45 -53.1 l -6.4 -53.05 q -6.4 -53 -6.35 -53 q -6.3 -53 -6.25 -53.05 q -5.85 -53.4 -5.4 -53.65 l -6.5 -53.15 c f #333 1 m -10.25 -57.7 q -12 -57.25 -13.15 -56.5 q -15.8 -54.85 -15.5 -51.9 q -15.2 -48.6 -12.7 -47.4 q -12.35 -47.25 -11.95 -47.1 l -11.9 -47.1 q -11.9 -47.15 -11.95 -47.25 l -12.05 -48.05 l -12.2 -49.1 q -12 -50.65 -10.4 -51.35 l -10 -51.55 l -6.5 -53.15 l -5.4 -53.65 l -4.15 -54.2 l -4.2 -54.25 l -5.15 -54.75 l -10 -57.55 l -10.25 -57.7 c f #333 1 m -22.45 -56.45 l -21.7 -58.2 q -20.75 -59.5 -19.05 -59.2 l -15.45 -58.85 l -12.2 -58.55 l -15.7 -64.65 q -17.5 -65.15 -18.9 -65.1 q -21.95 -65 -23.2 -62.3 q -24.7 -58.8 -22.5 -56.35 l -22.5 -56.3 q -22.45 -56.4 -22.45 -56.45 c f #333 1 m -25.4 -70.8 q -23.95 -71.45 -22.6 -70.35 l -19.65 -68.25 l -17 -66.4 l -17 -73.4 q -18.3 -74.7 -19.5 -75.35 q -22.25 -76.8 -24.65 -75.1 q -27.7 -72.85 -27 -69.6 l -27 -69.55 q -26.95 -69.6 -26.9 -69.65 l -25.4 -70.8 c f #333 1 m -10 -81.6 q -10.1 -81.55 -10.1 -81.5 q -14.3 -77.3 -14.3 -71.4 q -14.3 -65.45 -10.1 -61.3 q -10.1 -61.3 -10 -61.2 l -10 -81.6 c f #333 1 m -14.9 -84.55 q -14.2 -83.4 -13.7 -81.65 l -17.2 -75.55 l -18.6 -78.6 q -19.2 -77.05 -19.5 -75.35 q -18.3 -74.7 -17 -73.4 l -17 -66.4 l -19.65 -68.25 q -19.4 -66.65 -18.9 -65.1 q -17.5 -65.15 -15.7 -64.65 l -12.2 -58.55 l -15.45 -58.85 q -14.8 -58.1 -14.05 -57.35 q -13.65 -56.95 -13.15 -56.5 q -12 -57.25 -10.25 -57.7 l -10 -57.55 l -10 -61.2 q -10.1 -61.3 -10.1 -61.3 q -14.3 -65.45 -14.3 -71.4 q -14.3 -77.3 -10.1 -81.5 q -10.1 -81.55 -10 -81.6 l -10 -85.25 l -12.85 -83.6 l -12.55 -86.85 q -13.35 -86.2 -14.05 -85.45 q -14.5 -85.05 -14.9 -84.55 c f #333 1 m -13.7 -81.65 q -14.2 -83.4 -14.9 -84.55 q -16.6 -87.2 -19.5 -86.9 q -23.3 -86.5 -24.3 -83.35 l -24.3 -83.3 q -24.25 -83.3 -24.15 -83.35 l -22.3 -83.6 q -20.75 -83.4 -20.05 -81.8 l -18.6 -78.6 l -17.2 -75.55 l -13.7 -81.65 c f #333 1 m -9.15 -94.6 q -9.6 -94.8 -10 -94.95 q -12.95 -95.9 -15.05 -93.9 l -15.1 -93.85 q -15.05 -93.85 -14.95 -93.8 l -13.2 -93.1 q -11.95 -92.2 -12.2 -90.4 l -12.55 -86.85 l -12.85 -83.6 l -10 -85.25 l -6.75 -87.1 q -5.25 -92.8 -9.15 -94.6 c f #333 1 m -1.3 -97.75 l -1.3 -96.1 q -5.05 -95.35 -6.4 -92.95 l -6.45 -92.9 q -6.5 -92.85 -6.45 -92.8 l -6.4 -92.75 q -6.4 -92.7 -6.35 -92.7 q -6.3 -92.7 -6.25 -92.75 q -3.85 -94.6 -1.3 -94.25 l -1.3 -93.65 l -1.05 -94 q 0.05 -95.35 -0.6 -96.8 l -1.3 -97.75 c f #333 1 m -4.25 -107.15 q -4.45 -107.65 -4.55 -108.1 q -5.75 -107.35 -6.4 -106.15 l -6.45 -106.1 q -6.5 -106.05 -6.45 -106 l -6.4 -105.95 q -6.4 -105.9 -6.35 -105.9 q -6.3 -105.9 -6.25 -105.95 q -5.25 -106.75 -4.25 -107.15 c f #333 1 m -6.5 -112.65 l -5.5 -113.1 l -4.15 -113.7 l -4.25 -113.75 l -5.15 -114.3 l -10 -117.05 l -10.25 -117.2 q -12 -116.75 -13.15 -116 q -15.8 -114.35 -15.5 -111.4 q -15.1 -107.6 -11.95 -106.6 l -11.9 -106.6 q -11.9 -106.65 -11.95 -106.75 l -12.2 -108.6 q -12 -110.15 -10.4 -110.85 l -10 -111.05 l -6.5 -112.65 c f #333 1 m -5.5 -113.1 q -5.9 -112.9 -6.25 -112.55 q -6.3 -112.5 -6.35 -112.5 q -6.4 -112.5 -6.4 -112.55 l -6.45 -112.6 q -6.5 -112.65 -6.5 -112.65 l -10 -111.05 l -10 -94.95 q -9.6 -94.8 -9.15 -94.6 q -5.25 -92.8 -6.75 -87.1 l -10 -85.25 l -10 -81.6 l -10 -61.2 l -10 -57.55 l -5.15 -54.75 q -3.75 -55.95 -1.3 -56.4 l -1.3 -61.15 q -3.85 -61.5 -6.25 -59.65 q -6.3 -59.6 -6.35 -59.6 q -6.4 -59.6 -6.4 -59.65 l -6.45 -59.7 q -6.5 -59.75 -6.45 -59.8 l -6.4 -59.85 q -5.05 -62.25 -1.3 -63 l -1.3 -67.7 q -1.3 -67.75 -1.3 -67.8 q -3.85 -68.15 -6.25 -66.25 q -6.3 -66.2 -6.35 -66.2 q -6.4 -66.2 -6.4 -66.25 l -6.45 -66.3 q -6.5 -66.35 -6.45 -66.4 l -6.4 -66.45 q -5.05 -68.85 -1.3 -69.6 l -1.3 -74.4 q -3.85 -74.75 -6.25 -72.85 q -6.3 -72.8 -6.35 -72.8 q -6.4 -72.8 -6.4 -72.85 l -6.45 -72.9 q -6.5 -72.95 -6.45 -73 l -6.4 -73.05 q -5.05 -75.5 -1.3 -76.25 l -1.3 -81 q -3.85 -81.35 -6.25 -79.5 q -6.3 -79.45 -6.35 -79.45 q -6.4 -79.45 -6.4 -79.5 l -6.45 -79.55 q -6.5 -79.6 -6.45 -79.65 l -6.4 -79.7 q -5.05 -82.1 -1.3 -82.85 l -1.3 -87.55 q -1.3 -87.6 -1.3 -87.65 q -3.85 -88 -6.25 -86.1 q -6.3 -86.05 -6.35 -86.05 q -6.4 -86.05 -6.4 -86.1 l -6.45 -86.15 q -6.5 -86.2 -6.45 -86.25 l -6.4 -86.3 q -5.7 -87.6 -4.25 -88.4 l -5 -88.4 l -1.3 -93.65 l -1.3 -94.25 q -3.85 -94.6 -6.25 -92.75 q -6.3 -92.7 -6.35 -92.7 q -6.4 -92.7 -6.4 -92.75 l -6.45 -92.8 q -6.5 -92.85 -6.45 -92.9 l -6.4 -92.95 q -5.05 -95.35 -1.3 -96.1 l -1.3 -97.75 l -1.75 -98.3 q -1.8 -98.35 -1.85 -98.4 l -1.8 -98.4 q -1.55 -98.5 -1.3 -98.5 l -1.3 -100.85 q -3.85 -101.2 -6.25 -99.35 q -6.3 -99.3 -6.35 -99.3 q -6.4 -99.3 -6.4 -99.35 l -6.45 -99.4 q -6.5 -99.45 -6.45 -99.5 l -6.4 -99.55 q -5.05 -101.95 -1.3 -102.7 l -1.3 -104.2 q -2.65 -104.8 -3.7 -106.25 q -4.05 -106.7 -4.25 -107.15 q -5.25 -106.75 -6.25 -105.95 q -6.3 -105.9 -6.35 -105.9 q -6.4 -105.9 -6.4 -105.95 l -6.45 -106 q -6.5 -106.05 -6.45 -106.1 l -6.4 -106.15 q -5.75 -107.35 -4.55 -108.1 q -5.1 -110.85 -2 -113.9 l -1.3 -113.9 l -1.3 -114.1 q -2.8 -114.35 -4.25 -113.75 l -4.15 -113.7 l -5.5 -113.1 c f #333 1 m -6.25 -112.55 q -5.9 -112.9 -5.5 -113.1 l -6.5 -112.65 q -6.5 -112.65 -6.45 -112.6 l -6.4 -112.55 q -6.4 -112.5 -6.35 -112.5 q -6.3 -112.5 -6.25 -112.55 c f #333 1 m -15.7 -124.15 q -17.5 -124.65 -18.9 -124.6 q -21.95 -124.5 -23.2 -121.8 q -24.7 -118.3 -22.5 -115.85 l -22.5 -115.8 q -22.45 -115.9 -22.45 -115.95 l -21.7 -117.7 q -20.75 -119 -19.05 -118.7 l -15.45 -118.35 l -12.2 -118.05 l -15.7 -124.15 c f #333 1 m -17 -132.9 q -18.3 -134.2 -19.5 -134.85 q -22.25 -136.3 -24.65 -134.6 q -27.7 -132.35 -27 -129.1 l -27 -129.05 q -26.95 -129.1 -26.9 -129.15 l -25.4 -130.3 q -23.95 -130.95 -22.6 -129.85 l -19.65 -127.75 l -17 -125.9 l -17 -132.9 c f #333 1 m -20.05 -141.3 l -18.6 -138.1 l -17.2 -135.05 l -13.7 -141.15 q -14.2 -142.9 -14.9 -144.05 q -16.6 -146.7 -19.5 -146.4 q -23.3 -146 -24.3 -142.85 l -24.3 -142.8 q -24.25 -142.8 -24.15 -142.85 l -22.3 -143.1 q -20.75 -142.9 -20.05 -141.3 c f #333 1 m -10 -141.1 q -10.1 -141.05 -10.1 -141 q -14.3 -136.8 -14.3 -130.9 q -14.3 -124.95 -10.1 -120.8 q -10.1 -120.8 -10 -120.7 l -10 -141.1 c f #333 1 m -10.1 -141 q -10.1 -141.05 -10 -141.1 l -10 -144.75 l -12.85 -143.1 l -12.55 -146.35 q -13.35 -145.7 -14.05 -144.95 q -14.5 -144.55 -14.9 -144.05 q -14.2 -142.9 -13.7 -141.15 l -17.2 -135.05 l -18.6 -138.1 q -19.2 -136.55 -19.5 -134.85 q -18.3 -134.2 -17 -132.9 l -17 -125.9 l -19.65 -127.75 q -19.4 -126.15 -18.9 -124.6 q -17.5 -124.65 -15.7 -124.15 l -12.2 -118.05 l -15.45 -118.35 q -14.8 -117.6 -14.05 -116.85 q -13.65 -116.45 -13.15 -116 q -12 -116.75 -10.25 -117.2 l -10 -117.05 l -10 -120.7 q -10.1 -120.8 -10.1 -120.8 q -14.3 -124.95 -14.3 -130.9 q -14.3 -136.8 -10.1 -141 c f #333 1 m -0.6 -156.3 l -1.3 -157.25 l -1.3 -155.65 q -5.05 -154.9 -6.4 -152.45 l -6.45 -152.4 q -6.5 -152.35 -6.45 -152.3 l -6.4 -152.25 q -6.4 -152.2 -6.35 -152.2 q -6.3 -152.2 -6.25 -152.25 q -3.85 -154.15 -1.3 -153.8 l -1.3 -153.15 l -1.05 -153.5 q 0.05 -154.85 -0.6 -156.3 c f #333 1 m -13.2 -152.6 q -11.95 -151.7 -12.2 -149.9 l -12.55 -146.35 l -12.85 -143.1 l -10 -144.75 l -6.75 -146.6 q -5.25 -152.3 -9.15 -154.1 q -9.6 -154.3 -10 -154.45 q -12.95 -155.4 -15.05 -153.4 l -15.1 -153.35 q -15.05 -153.35 -14.95 -153.3 l -13.2 -152.6 c f #333 1 m -6.35 -165.45 q -6.3 -165.45 -6.25 -165.5 q -5.45 -166.15 -4.6 -166.55 q -4.65 -167.1 -4.55 -167.65 q -5.8 -166.9 -6.4 -165.7 l -6.45 -165.65 q -6.5 -165.6 -6.45 -165.55 l -6.4 -165.5 q -6.4 -165.45 -6.35 -165.45 c f #333 1 m -4.55 -167.65 q -4.25 -169.65 -2 -171.85 l -1.3 -171.85 l -1.3 -174.45 q -3.8 -174.15 -6 -172.75 l -4.15 -171.65 l -10 -169 l -10 -154.45 q -9.6 -154.3 -9.15 -154.1 q -5.25 -152.3 -6.75 -146.6 l -10 -144.75 l -10 -141.1 l -10 -120.7 l -10 -117.05 l -5.15 -114.3 q -3.75 -115.5 -1.3 -115.95 l -1.3 -120.7 q -3.85 -121.05 -6.25 -119.2 q -6.3 -119.15 -6.35 -119.15 q -6.4 -119.15 -6.4 -119.2 l -6.45 -119.25 q -6.5 -119.3 -6.45 -119.35 l -6.4 -119.4 q -5.05 -121.8 -1.3 -122.55 l -1.3 -127.25 q -1.3 -127.3 -1.3 -127.35 q -3.85 -127.7 -6.25 -125.8 q -6.3 -125.75 -6.35 -125.75 q -6.4 -125.75 -6.4 -125.8 l -6.45 -125.85 q -6.5 -125.9 -6.45 -125.95 l -6.4 -126 q -5.05 -128.4 -1.3 -129.15 l -1.3 -133.95 q -3.85 -134.3 -6.25 -132.45 q -6.3 -132.4 -6.35 -132.4 q -6.4 -132.4 -6.4 -132.45 l -6.45 -132.5 q -6.5 -132.55 -6.45 -132.6 l -6.4 -132.65 q -5.05 -135.05 -1.3 -135.8 l -1.3 -140.55 q -3.85 -140.9 -6.25 -139.05 q -6.3 -139 -6.35 -139 q -6.4 -139 -6.4 -139.05 l -6.45 -139.1 q -6.5 -139.15 -6.45 -139.2 l -6.4 -139.25 q -5.05 -141.65 -1.3 -142.4 l -1.3 -147.1 q -1.3 -147.15 -1.3 -147.2 q -3.85 -147.55 -6.25 -145.65 q -6.3 -145.6 -6.35 -145.6 q -6.4 -145.6 -6.4 -145.65 l -6.45 -145.7 q -6.5 -145.75 -6.45 -145.8 l -6.4 -145.85 q -5.7 -147.1 -4.35 -147.9 l -5 -147.9 l -1.3 -153.15 l -1.3 -153.8 q -3.85 -154.15 -6.25 -152.25 q -6.3 -152.2 -6.35 -152.2 q -6.4 -152.2 -6.4 -152.25 l -6.45 -152.3 q -6.5 -152.35 -6.45 -152.4 l -6.4 -152.45 q -5.05 -154.9 -1.3 -155.65 l -1.3 -157.25 l -1.75 -157.8 q -1.8 -157.85 -1.85 -157.9 l -1.8 -157.9 q -1.55 -158 -1.3 -158 l -1.3 -160.4 q -3.85 -160.75 -6.25 -158.9 q -6.3 -158.85 -6.35 -158.85 q -6.4 -158.85 -6.4 -158.9 l -6.45 -158.95 q -6.5 -159 -6.45 -159.05 l -6.4 -159.1 q -5.1 -161.45 -1.5 -162.25 q -2.7 -162.85 -3.7 -164.2 q -4.5 -165.35 -4.6 -166.55 q -5.45 -166.15 -6.25 -165.5 q -6.3 -165.45 -6.35 -165.45 q -6.4 -165.45 -6.4 -165.5 l -6.45 -165.55 q -6.5 -165.6 -6.45 -165.65 l -6.4 -165.7 q -5.8 -166.9 -4.55 -167.65 c f #333 1 m -10.25 -175.15 q -12 -174.7 -13.15 -173.95 q -15.8 -172.3 -15.5 -169.35 q -15.1 -165.55 -11.95 -164.55 l -11.9 -164.55 q -11.9 -164.6 -11.95 -164.7 l -12.2 -166.55 q -12 -168.1 -10.4 -168.8 l -10 -169 l -4.15 -171.65 l -6 -172.75 l -6.45 -173 l -10 -175 l -10.25 -175.15 c f #333 1 m -15.7 -182.1 q -17.5 -182.6 -18.9 -182.55 q -21.95 -182.45 -23.2 -179.75 q -24.7 -176.25 -22.5 -173.8 l -22.5 -173.75 q -22.45 -173.85 -22.45 -173.9 l -21.7 -175.65 q -20.75 -176.95 -19.05 -176.65 l -15.45 -176.3 l -12.2 -176 l -15.7 -182.1 c f #333 1 m -17 -190.85 q -18.3 -192.15 -19.5 -192.8 q -22.25 -194.25 -24.65 -192.55 q -27.7 -190.3 -27 -187.05 l -27 -187 q -26.95 -187.05 -26.9 -187.1 l -25.4 -188.25 q -23.95 -188.9 -22.6 -187.8 l -19.65 -185.7 l -17 -183.85 l -17 -190.85 c f #333 1 m -14.95 -211.25 l -13.2 -210.55 q -11.95 -209.65 -12.2 -207.85 l -12.55 -204.3 l -12.85 -201.05 l -6.75 -204.55 q -6.3 -206.35 -6.35 -207.75 q -6.5 -210.85 -9.15 -212.05 q -12.6 -213.6 -15.05 -211.35 l -15.1 -211.3 q -15.05 -211.3 -14.95 -211.25 c f #333 1 m -24.15 -200.8 l -22.3 -201.05 q -20.75 -200.85 -20.05 -199.25 l -18.6 -196.05 l -17.2 -193 l -13.7 -199.1 q -14.2 -200.85 -14.9 -202 q -16.6 -204.65 -19.5 -204.35 q -23.3 -203.95 -24.3 -200.8 l -24.3 -200.75 q -24.25 -200.75 -24.15 -200.8 c f #333 1 m 10 -30.95 q 8.6 -32 6.75 -32.15 l 6 -32.15 l 0.7 -32.15 l 0 -32.15 l -0.7 -32.15 l -1.3 -32.15 l -6 -32.15 l -6.75 -32.15 q -8.65 -32 -10 -30.95 q -11.55 -29.9 -12.5 -27.85 q -13.9 -25.05 -13.9 -21.95 l -13.9 -1.2 q -7.4 -3.4 0 -3.4 q 7.35 -3.4 13.9 -1.2 l 13.9 -21.95 q 13.9 -25.05 12.5 -27.85 q 11.5 -29.9 10 -30.95 m 9.4 -23.75 q 9.7 -23.75 10 -23.65 q 10.65 -23.35 10.65 -22.3 l 10.65 -11.55 q 10.65 -10.55 10 -10.25 q 9.7 -10.1 9.4 -10.1 l -9.5 -10.1 q -9.8 -10.1 -10 -10.2 q -10.75 -10.45 -10.75 -11.55 l -10.75 -22.3 q -10.75 -23.45 -10 -23.7 q -9.8 -23.75 -9.5 -23.75 l 9.4 -23.75 h c f #333 1 m 10 -23.65 q 9.7 -23.75 9.4 -23.75 l -9.5 -23.75 q -9.8 -23.75 -10 -23.7 q -10.75 -23.45 -10.75 -22.3 l -10.75 -11.55 q -10.75 -10.45 -10 -10.2 q -9.8 -10.1 -9.5 -10.1 l 9.4 -10.1 q 9.7 -10.1 10 -10.25 q 10.65 -10.55 10.65 -11.55 l 10.65 -22.3 q 10.65 -23.35 10 -23.65 m 7.95 -21.85 q 9 -21.85 9 -20.8 l 9 -12.9 q 9 -11.85 7.95 -11.85 l -7.95 -11.85 q -9 -11.85 -9 -12.9 l -9 -20.8 q -9 -21.85 -7.95 -21.85 l 7.95 -21.85 h c f #333 1 m 9 -20.8 q 9 -21.85 7.95 -21.85 l -7.95 -21.85 q -9 -21.85 -9 -20.8 l -9 -12.9 q -9 -11.85 -7.95 -11.85 l 7.95 -11.85 q 9 -11.85 9 -12.9 l 9 -20.8 m 7.75 -21.5 q 8.8 -21.5 8.8 -20.45 l 8.8 -13.3 q 8.8 -12.25 7.75 -12.25 l 4.15 -12.25 q 3.1 -12.25 3.1 -13.3 l 3.1 -20.45 q 3.1 -21 3.35 -21.25 q 3.6 -21.5 4.15 -21.5 l 7.75 -21.5 h m 1.8 -21.5 q 2.85 -21.5 2.85 -20.45 l 2.85 -13.3 q 2.85 -12.25 1.8 -12.25 l -1.8 -12.25 q -2.85 -12.25 -2.85 -13.3 l -2.85 -20.45 q -2.85 -21.5 -1.8 -21.5 l 1.8 -21.5 h m -4.15 -21.5 q -3.8 -21.5 -3.55 -21.4 q -3.1 -21.15 -3.1 -20.45 l -3.1 -13.3 q -3.1 -12.25 -4.15 -12.25 l -7.75 -12.25 q -8.8 -12.25 -8.8 -13.3 l -8.8 -20.45 q -8.8 -21.5 -7.75 -21.5 l -4.15 -21.5 h c f #333 1 m -3.55 -21.4 q -3.8 -21.5 -4.15 -21.5 l -7.75 -21.5 q -8.8 -21.5 -8.8 -20.45 l -8.8 -13.3 q -8.8 -12.25 -7.75 -12.25 l -4.15 -12.25 q -3.1 -12.25 -3.1 -13.3 l -3.1 -20.45 q -3.1 -21.15 -3.55 -21.4 c f #333 1 m 2.85 -20.45 q 2.85 -21.5 1.8 -21.5 l -1.8 -21.5 q -2.85 -21.5 -2.85 -20.45 l -2.85 -13.3 q -2.85 -12.25 -1.8 -12.25 l 1.8 -12.25 q 2.85 -12.25 2.85 -13.3 l 2.85 -20.45 c f #333 1 m 8.8 -20.45 q 8.8 -21.5 7.75 -21.5 l 4.15 -21.5 q 3.6 -21.5 3.35 -21.25 q 3.1 -21 3.1 -20.45 l 3.1 -13.3 q 3.1 -12.25 4.15 -12.25 l 7.75 -12.25 q 8.8 -12.25 8.8 -13.3 l 8.8 -20.45 c f #333 1 m 5.85 -39.95 l 5.85 -40 q 4.45 -42.4 0.7 -43.15 l 0.7 -44.3 q -0.4 -44.3 -1.3 -44.7 l -1.3 -43.15 q -4.6 -42.5 -6 -40.6 l -6 -40 q -3.75 -41.65 -1.3 -41.3 l -1.3 -36.55 q -4.6 -35.9 -6 -34 l -6 -33.35 q -3.75 -35.05 -1.3 -34.7 l -1.3 -32.15 l -0.7 -32.15 l 0 -32.15 l 0.7 -32.15 l 0.7 -34.7 q 3.25 -35.05 5.7 -33.15 q 5.7 -33.1 5.75 -33.1 q 5.8 -33.1 5.85 -33.15 q 5.85 -33.2 5.9 -33.2 q 5.9 -33.25 5.85 -33.3 l 5.85 -33.35 q 4.45 -35.8 0.7 -36.55 l 0.7 -41.3 q 3.25 -41.65 5.7 -39.8 q 5.7 -39.75 5.75 -39.75 q 5.8 -39.75 5.85 -39.8 q 5.85 -39.85 5.9 -39.85 q 5.9 -39.9 5.85 -39.95 c f #333 1 m 5.7 -46.4 q 5.7 -46.35 5.75 -46.35 q 5.8 -46.35 5.85 -46.4 q 5.85 -46.45 5.9 -46.45 q 5.9 -46.5 5.85 -46.55 l 5.85 -46.6 q 4.6 -48.75 1.55 -49.55 l 1.05 -48.8 q -0.05 -47.45 0.6 -46 l 0.7 -45.9 l 0.7 -47.85 q 0.7 -47.9 0.7 -47.95 q 3.25 -48.3 5.7 -46.4 c f #333 1 m 15.9 -44.15 l 12.5 -47.65 q 10.95 -47.4 9.15 -48.2 q 8.7 -48.4 8.35 -48.65 l 6 -46.6 l 6 -32.15 l 6.75 -32.15 q 8.6 -32 10 -30.95 q 11.5 -29.9 12.5 -27.85 q 13.9 -25.05 13.9 -21.95 l 13.9 -1.2 q 15.95 -0.5 17.95 0.45 q 19.15 1 20.35 1.7 l 27 -6.85 l 15.9 -44.15 c f #333 1 m 3.05 -54.4 q 1.85 -54.75 0.7 -54.55 l 0.7 -54.4 l 3.05 -54.4 c f #333 1 m 4.95 -54.4 l 4.55 -53.8 q 5.1 -53.5 5.7 -53.05 q 5.7 -53 5.75 -53 q 5.8 -53 5.85 -53.05 q 5.85 -53.1 5.9 -53.1 q 5.9 -53.15 5.85 -53.2 l 5.85 -53.25 q 5.45 -53.9 4.95 -54.4 c f #333 1 m 5 -54.4 l 4.95 -54.4 l 3.05 -54.4 l 0.7 -54.4 l -1.3 -54.4 l -2 -54.4 q -5.15 -51.3 -4.55 -48.55 q -4.45 -48.1 -4.2 -47.6 q -4 -47.2 -3.7 -46.75 q -2.65 -45.3 -1.3 -44.7 q -0.4 -44.3 0.7 -44.3 q 1.2 -44.3 1.8 -44.4 l 1.85 -44.4 q 1.8 -44.45 1.75 -44.5 l 0.7 -45.9 l 0.6 -46 q -0.05 -47.45 1.05 -48.8 l 1.55 -49.55 l 4.55 -53.8 l 4.95 -54.4 l 5 -54.4 c f #333 1 m 10 -57.55 l 6.75 -55.7 q 5.4 -50.65 8.35 -48.65 q 8.7 -48.4 9.15 -48.2 q 10.95 -47.4 12.5 -47.65 q 13.85 -47.85 15.05 -48.9 l 15.1 -48.95 q 15.05 -48.95 14.95 -49 l 13.2 -49.7 q 11.95 -50.6 12.2 -52.4 l 12.55 -56 l 12.85 -59.2 l 10 -57.55 c f #333 1 m 18.55 -64.25 l 17.2 -67.25 l 13.7 -61.15 q 14.15 -59.45 14.9 -58.25 q 16.55 -55.65 19.5 -55.9 q 23.3 -56.3 24.3 -59.45 l 24.3 -59.5 q 24.25 -59.5 24.15 -59.45 l 22.3 -59.2 q 20.75 -59.4 20.05 -61 l 18.55 -64.25 c f #333 1 m 19.6 -74.55 l 17 -76.4 l 17 -69.4 q 18.25 -68.15 19.5 -67.5 q 22.2 -66.05 24.65 -67.7 q 27.7 -69.95 27 -73.2 l 27 -73.25 q 26.95 -73.2 26.9 -73.15 l 25.4 -72 q 23.95 -71.35 22.6 -72.45 l 19.6 -74.55 c f #333 1 m 10.1 -81.5 q 10.05 -81.55 10 -81.6 l 10 -61.2 q 10.05 -61.3 10.1 -61.3 q 14.3 -65.45 14.3 -71.4 q 14.3 -77.3 10.1 -81.5 c f #333 1 m 10 -85.25 l 10 -81.6 q 10.05 -81.55 10.1 -81.5 q 14.3 -77.3 14.3 -71.4 q 14.3 -65.45 10.1 -61.3 q 10.05 -61.3 10 -61.2 l 10 -57.55 l 12.85 -59.2 l 12.55 -56 q 13.3 -56.65 14.05 -57.35 q 14.45 -57.8 14.9 -58.25 q 14.15 -59.45 13.7 -61.15 l 17.2 -67.25 l 18.55 -64.25 q 19.15 -65.8 19.5 -67.5 q 18.25 -68.15 17 -69.4 l 17 -76.4 l 19.6 -74.55 q 19.35 -76.2 18.85 -77.75 q 17.45 -77.7 15.7 -78.15 l 12.2 -84.25 l 15.4 -83.95 q 14.75 -84.75 14.05 -85.45 q 13.6 -85.9 13.15 -86.3 q 11.95 -85.6 10.25 -85.1 l 10 -85.25 c f #333 1 m 2.5 -88.95 q 2.25 -88.7 2 -88.4 l -4.25 -88.4 q -5.7 -87.6 -6.4 -86.3 l -6.45 -86.25 q -6.5 -86.2 -6.45 -86.15 l -6.4 -86.1 q -6.4 -86.05 -6.35 -86.05 q -6.3 -86.05 -6.25 -86.1 q -3.85 -88 -1.3 -87.65 q -1.3 -87.6 -1.3 -87.55 l -1.3 -82.85 q -5.05 -82.1 -6.4 -79.7 l -6.45 -79.65 q -6.5 -79.6 -6.45 -79.55 l -6.4 -79.5 q -6.4 -79.45 -6.35 -79.45 q -6.3 -79.45 -6.25 -79.5 q -3.85 -81.35 -1.3 -81 l -1.3 -76.25 q -5.05 -75.5 -6.4 -73.05 l -6.45 -73 q -6.5 -72.95 -6.45 -72.9 l -6.4 -72.85 q -6.4 -72.8 -6.35 -72.8 q -6.3 -72.8 -6.25 -72.85 q -3.85 -74.75 -1.3 -74.4 l -1.3 -69.6 q -5.05 -68.85 -6.4 -66.45 l -6.45 -66.4 q -6.5 -66.35 -6.45 -66.3 l -6.4 -66.25 q -6.4 -66.2 -6.35 -66.2 q -6.3 -66.2 -6.25 -66.25 q -3.85 -68.15 -1.3 -67.8 q -1.3 -67.75 -1.3 -67.7 l -1.3 -63 q -5.05 -62.25 -6.4 -59.85 l -6.45 -59.8 q -6.5 -59.75 -6.45 -59.7 l -6.4 -59.65 q -6.4 -59.6 -6.35 -59.6 q -6.3 -59.6 -6.25 -59.65 q -3.85 -61.5 -1.3 -61.15 l -1.3 -56.4 q -3.75 -55.95 -5.15 -54.75 l -4.2 -54.25 q -2.8 -54.8 -1.3 -54.55 l -1.3 -54.4 l 0.7 -54.4 l 0.7 -54.55 q 1.85 -54.75 3.05 -54.4 l 4.95 -54.4 q 3.45 -55.85 0.7 -56.4 l 0.7 -61.15 q 3.25 -61.5 5.7 -59.65 q 5.7 -59.6 5.75 -59.6 q 5.8 -59.6 5.85 -59.65 q 5.85 -59.7 5.9 -59.7 q 5.9 -59.75 5.85 -59.8 l 5.85 -59.85 q 4.45 -62.25 0.7 -63 l 0.7 -67.7 q 0.7 -67.75 0.7 -67.8 q 3.25 -68.15 5.7 -66.25 q 5.7 -66.2 5.75 -66.2 q 5.8 -66.2 5.85 -66.25 q 5.85 -66.3 5.9 -66.3 q 5.9 -66.35 5.85 -66.4 l 5.85 -66.45 q 4.45 -68.85 0.7 -69.6 l 0.7 -74.4 q 3.25 -74.75 5.7 -72.85 q 5.7 -72.8 5.75 -72.8 q 5.8 -72.8 5.85 -72.85 q 5.85 -72.9 5.9 -72.9 q 5.9 -72.95 5.85 -73 l 5.85 -73.05 q 4.45 -75.5 0.7 -76.25 l 0.7 -81 q 3.25 -81.35 5.7 -79.5 q 5.7 -79.45 5.75 -79.45 q 5.8 -79.45 5.85 -79.5 q 5.85 -79.55 5.9 -79.55 q 5.9 -79.6 5.85 -79.65 l 5.85 -79.7 q 4.45 -82.1 0.7 -82.85 l 0.7 -87.55 q 0.7 -87.6 0.7 -87.65 q 3.25 -88 5.7 -86.1 q 5.7 -86.05 5.75 -86.05 q 5.8 -86.05 5.85 -86.1 q 5.85 -86.15 5.9 -86.15 q 5.9 -86.2 5.85 -86.25 l 5.85 -86.3 q 4.8 -88.1 2.5 -88.95 c f #333 1 m 4.6 -93.45 q 4.55 -94.05 4.4 -94.55 q 4.2 -95.35 3.7 -96.05 q 2.35 -97.85 0.7 -98.35 q -0.25 -98.65 -1.3 -98.5 q -1.55 -98.5 -1.8 -98.4 l -1.85 -98.4 q -1.8 -98.35 -1.75 -98.3 l -1.3 -97.75 l -0.6 -96.8 q 0.05 -95.35 -1.05 -94 l -1.3 -93.65 l -5 -88.4 l -4.25 -88.4 l 2 -88.4 q 2.25 -88.7 2.5 -88.95 q 4.65 -91.35 4.6 -93.45 c f #333 1 m 5.85 -92.9 l 5.85 -92.95 q 5.3 -93.9 4.4 -94.55 q 4.55 -94.05 4.6 -93.45 q 5.15 -93.2 5.7 -92.75 q 5.7 -92.7 5.75 -92.7 q 5.8 -92.7 5.85 -92.75 q 5.85 -92.8 5.9 -92.8 q 5.9 -92.85 5.85 -92.9 c f #333 1 m 15.5 -90.9 q 15.1 -94.7 11.95 -95.7 l 11.9 -95.7 q 11.9 -95.65 11.95 -95.55 l 12.2 -93.7 q 12 -92.15 10.4 -91.45 l 10 -91.3 l 4.15 -88.6 l 10 -85.25 l 10.25 -85.1 q 11.95 -85.6 13.15 -86.3 q 15.75 -88 15.5 -90.9 c f #333 1 m 23.2 -80.5 q 24.7 -84 22.5 -86.45 l 22.5 -86.5 q 22.45 -86.4 22.45 -86.35 l 21.7 -84.6 q 20.75 -83.3 19.05 -83.6 l 15.4 -83.95 l 12.2 -84.25 l 15.7 -78.15 q 17.45 -77.7 18.85 -77.75 q 21.9 -77.85 23.2 -80.5 c f #333 1 m 0.7 -102.7 l 0.7 -103.8 q -0.4 -103.8 -1.3 -104.2 l -1.3 -102.7 q -5.05 -101.95 -6.4 -99.55 l -6.45 -99.5 q -6.5 -99.45 -6.45 -99.4 l -6.4 -99.35 q -6.4 -99.3 -6.35 -99.3 q -6.3 -99.3 -6.25 -99.35 q -3.85 -101.2 -1.3 -100.85 l -1.3 -98.5 q -0.25 -98.65 0.7 -98.35 l 0.7 -100.85 q 3.25 -101.2 5.7 -99.35 q 5.7 -99.3 5.75 -99.3 q 5.8 -99.3 5.85 -99.35 q 5.85 -99.4 5.9 -99.4 q 5.9 -99.45 5.85 -99.5 l 5.85 -99.55 q 4.45 -101.95 0.7 -102.7 c f #333 1 m 5.7 -105.95 q 5.7 -105.9 5.75 -105.9 q 5.8 -105.9 5.85 -105.95 q 5.85 -106 5.9 -106 q 5.9 -106.05 5.85 -106.1 l 5.85 -106.15 q 4.6 -108.25 1.6 -109.1 l 1.05 -108.3 q -0.05 -106.95 0.6 -105.5 l 0.7 -105.4 l 0.7 -107.4 q 0.7 -107.45 0.7 -107.5 q 3.25 -107.85 5.7 -105.95 c f #333 1 m 5 -113.9 l 4.55 -113.3 q 5.1 -113 5.7 -112.55 q 5.7 -112.5 5.75 -112.5 q 5.8 -112.5 5.85 -112.55 q 5.85 -112.6 5.9 -112.6 q 5.9 -112.65 5.85 -112.7 l 5.85 -112.75 q 5.45 -113.4 5 -113.9 c f #333 1 m 5 -113.9 l 4.95 -113.9 l 3.15 -113.9 l 0.7 -113.9 l -1.3 -113.9 l -2 -113.9 q -5.1 -110.85 -4.55 -108.1 q -4.45 -107.65 -4.25 -107.15 q -4.05 -106.7 -3.7 -106.25 q -2.65 -104.8 -1.3 -104.2 q -0.4 -103.8 0.7 -103.8 q 1.2 -103.8 1.8 -103.9 l 1.85 -103.9 q 1.8 -103.95 1.75 -104 l 0.7 -105.4 l 0.6 -105.5 q -0.05 -106.95 1.05 -108.3 l 1.6 -109.1 l 4.55 -113.3 l 5 -113.9 l 5 -113.9 c f #333 1 m 3.15 -113.9 q 1.95 -114.3 0.7 -114.1 l 0.7 -113.9 l 3.15 -113.9 c f #333 1 m 12.2 -111.9 l 12.55 -115.5 l 12.85 -118.7 l 10 -117.05 l 6.75 -115.2 q 5.25 -109.5 9.15 -107.7 q 9.55 -107.55 10 -107.4 q 12.9 -106.45 15.05 -108.4 l 15.1 -108.45 q 15.05 -108.45 14.95 -108.5 l 13.2 -109.2 q 11.95 -110.1 12.2 -111.9 c f #333 1 m 20.05 -120.5 l 18.55 -123.75 l 17.2 -126.75 l 13.7 -120.65 q 14.15 -118.95 14.9 -117.75 q 16.55 -115.15 19.5 -115.4 q 23.3 -115.8 24.3 -118.95 l 24.3 -119 q 24.25 -119 24.15 -118.95 l 22.3 -118.7 q 20.75 -118.9 20.05 -120.5 c f #333 1 m 10.1 -141 q 10.05 -141.05 10 -141.1 l 10 -120.7 q 10.05 -120.8 10.1 -120.8 q 14.3 -124.95 14.3 -130.9 q 14.3 -136.8 10.1 -141 c f #333 1 m 5.85 -145.8 l 5.85 -145.85 q 4.8 -147.65 2.55 -148.5 q 2.25 -148.2 2 -147.9 l -4.35 -147.9 q -5.7 -147.1 -6.4 -145.85 l -6.45 -145.8 q -6.5 -145.75 -6.45 -145.7 l -6.4 -145.65 q -6.4 -145.6 -6.35 -145.6 q -6.3 -145.6 -6.25 -145.65 q -3.85 -147.55 -1.3 -147.2 q -1.3 -147.15 -1.3 -147.1 l -1.3 -142.4 q -5.05 -141.65 -6.4 -139.25 l -6.45 -139.2 q -6.5 -139.15 -6.45 -139.1 l -6.4 -139.05 q -6.4 -139 -6.35 -139 q -6.3 -139 -6.25 -139.05 q -3.85 -140.9 -1.3 -140.55 l -1.3 -135.8 q -5.05 -135.05 -6.4 -132.65 l -6.45 -132.6 q -6.5 -132.55 -6.45 -132.5 l -6.4 -132.45 q -6.4 -132.4 -6.35 -132.4 q -6.3 -132.4 -6.25 -132.45 q -3.85 -134.3 -1.3 -133.95 l -1.3 -129.15 q -5.05 -128.4 -6.4 -126 l -6.45 -125.95 q -6.5 -125.9 -6.45 -125.85 l -6.4 -125.8 q -6.4 -125.75 -6.35 -125.75 q -6.3 -125.75 -6.25 -125.8 q -3.85 -127.7 -1.3 -127.35 q -1.3 -127.3 -1.3 -127.25 l -1.3 -122.55 q -5.05 -121.8 -6.4 -119.4 l -6.45 -119.35 q -6.5 -119.3 -6.45 -119.25 l -6.4 -119.2 q -6.4 -119.15 -6.35 -119.15 q -6.3 -119.15 -6.25 -119.2 q -3.85 -121.05 -1.3 -120.7 l -1.3 -115.95 q -3.75 -115.5 -5.15 -114.3 l -4.25 -113.75 q -2.8 -114.35 -1.3 -114.1 l -1.3 -113.9 l 0.7 -113.9 l 0.7 -114.1 q 1.95 -114.3 3.15 -113.9 l 4.95 -113.9 q 3.45 -115.4 0.7 -115.95 l 0.7 -120.7 q 3.25 -121.05 5.7 -119.2 q 5.7 -119.15 5.75 -119.15 q 5.8 -119.15 5.85 -119.2 q 5.85 -119.25 5.9 -119.25 q 5.9 -119.3 5.85 -119.35 l 5.85 -119.4 q 4.45 -121.8 0.7 -122.55 l 0.7 -127.25 q 0.7 -127.3 0.7 -127.35 q 3.25 -127.7 5.7 -125.8 q 5.7 -125.75 5.75 -125.75 q 5.8 -125.75 5.85 -125.8 q 5.85 -125.85 5.9 -125.85 q 5.9 -125.9 5.85 -125.95 l 5.85 -126 q 4.45 -128.4 0.7 -129.15 l 0.7 -133.95 q 3.25 -134.3 5.7 -132.45 q 5.7 -132.4 5.75 -132.4 q 5.8 -132.4 5.85 -132.45 q 5.85 -132.5 5.9 -132.5 q 5.9 -132.55 5.85 -132.6 l 5.85 -132.65 q 4.45 -135.05 0.7 -135.8 l 0.7 -140.55 q 3.25 -140.9 5.7 -139.05 q 5.7 -139 5.75 -139 q 5.8 -139 5.85 -139.05 q 5.85 -139.1 5.9 -139.1 q 5.9 -139.15 5.85 -139.2 l 5.85 -139.25 q 4.45 -141.65 0.7 -142.4 l 0.7 -147.1 q 0.7 -147.15 0.7 -147.2 q 3.25 -147.55 5.7 -145.65 q 5.7 -145.6 5.75 -145.6 q 5.8 -145.6 5.85 -145.65 q 5.85 -145.7 5.9 -145.7 q 5.9 -145.75 5.85 -145.8 c f #333 1 m 13.15 -145.8 q 11.95 -145.1 10.25 -144.6 l 10 -144.75 l 10 -141.1 q 10.05 -141.05 10.1 -141 q 14.3 -136.8 14.3 -130.9 q 14.3 -124.95 10.1 -120.8 q 10.05 -120.8 10 -120.7 l 10 -117.05 l 12.85 -118.7 l 12.55 -115.5 q 13.3 -116.15 14.05 -116.85 q 14.45 -117.3 14.9 -117.75 q 14.15 -118.95 13.7 -120.65 l 17.2 -126.75 l 18.55 -123.75 q 19.15 -125.3 19.5 -127 q 18.25 -127.65 17 -128.9 l 17 -135.9 l 19.6 -134.05 q 19.35 -135.7 18.85 -137.25 q 17.45 -137.2 15.7 -137.65 l 12.2 -143.75 l 15.4 -143.45 q 14.75 -144.25 14.05 -144.95 q 13.6 -145.4 13.15 -145.8 c f #333 1 m 24.65 -127.2 q 27.7 -129.45 27 -132.7 l 27 -132.75 q 26.95 -132.7 26.9 -132.65 l 25.4 -131.5 q 23.95 -130.85 22.6 -131.95 l 19.6 -134.05 l 17 -135.9 l 17 -128.9 q 18.25 -127.65 19.5 -127 q 22.2 -125.55 24.65 -127.2 c f #333 1 m 22.45 -145.85 l 21.7 -144.1 q 20.75 -142.8 19.05 -143.1 l 15.4 -143.45 l 12.2 -143.75 l 15.7 -137.65 q 17.45 -137.2 18.85 -137.25 q 21.9 -137.35 23.2 -140 q 24.7 -143.5 22.5 -145.95 l 22.5 -146 q 22.45 -145.9 22.45 -145.85 c f #333 1 m 12.2 -153.2 q 12 -151.65 10.4 -150.95 l 10 -150.8 l 4.15 -148.1 l 10 -144.75 l 10.25 -144.6 q 11.95 -145.1 13.15 -145.8 q 15.75 -147.5 15.5 -150.4 q 15.1 -154.2 11.95 -155.2 l 11.9 -155.2 q 11.9 -155.15 11.95 -155.05 l 12.2 -153.2 c f #333 1 m 4.4 -154.1 q 4.55 -153.55 4.6 -153 q 5.15 -152.7 5.7 -152.25 q 5.7 -152.2 5.75 -152.2 q 5.8 -152.2 5.85 -152.25 q 5.85 -152.3 5.9 -152.3 q 5.9 -152.35 5.85 -152.4 l 5.85 -152.45 q 5.3 -153.4 4.4 -154.1 c f #333 1 m 3.7 -155.55 q 2.35 -157.35 0.7 -157.85 q -0.25 -158.15 -1.3 -158 q -1.55 -158 -1.8 -157.9 l -1.85 -157.9 q -1.8 -157.85 -1.75 -157.8 l -1.3 -157.25 l -0.6 -156.3 q 0.05 -154.85 -1.05 -153.5 l -1.3 -153.15 l -5 -147.9 l -4.35 -147.9 l 2 -147.9 q 2.25 -148.2 2.55 -148.5 q 4.65 -150.85 4.6 -153 q 4.55 -153.55 4.4 -154.1 q 4.2 -154.85 3.7 -155.55 c f #333 1 m 1.7 -162 l 1.75 -161.95 q 1.8 -161.9 1.85 -161.85 l 1.8 -161.85 q 0 -161.5 -1.5 -162.25 q -5.1 -161.45 -6.4 -159.1 l -6.45 -159.05 q -6.5 -159 -6.45 -158.95 l -6.4 -158.9 q -6.4 -158.85 -6.35 -158.85 q -6.3 -158.85 -6.25 -158.9 q -3.85 -160.75 -1.3 -160.4 l -1.3 -158 q -0.25 -158.15 0.7 -157.85 l 0.7 -160.4 q 3.25 -160.75 5.7 -158.9 q 5.7 -158.85 5.75 -158.85 q 5.8 -158.85 5.85 -158.9 q 5.85 -158.95 5.9 -158.95 q 5.9 -159 5.85 -159.05 l 5.85 -159.1 q 4.6 -161.2 1.7 -162 c f #333 1 m 0.7 -165.75 q 0.05 -164.65 0.6 -163.45 l 0.7 -163.35 l 0.7 -165.75 c f #333 1 m 2.5 -168.35 l 1.65 -167.1 q 3.7 -167.05 5.7 -165.5 q 5.7 -165.45 5.75 -165.45 q 5.8 -165.45 5.85 -165.5 q 5.85 -165.55 5.9 -165.55 q 5.9 -165.6 5.85 -165.65 l 5.85 -165.7 q 4.8 -167.5 2.5 -168.35 c f #333 1 m 2.5 -168.35 l 5 -171.85 l 0.7 -171.85 l -1.3 -171.85 l -2 -171.85 q -4.25 -169.65 -4.55 -167.65 q -4.65 -167.1 -4.6 -166.55 q -4.5 -165.35 -3.7 -164.2 q -2.7 -162.85 -1.5 -162.25 q 0 -161.5 1.8 -161.85 l 1.85 -161.85 q 1.8 -161.9 1.75 -161.95 l 1.7 -162 l 0.7 -163.35 l 0.6 -163.45 q 0.05 -164.65 0.7 -165.75 q 0.8 -166 1.05 -166.25 l 1.65 -167.1 l 2.5 -168.35 c f #333 1 m 5.85 -172.55 q 5.9 -172.6 5.9 -172.65 q 6.45 -188.15 -0.2 -193.7 q -0.25 -193.75 -0.3 -193.7 q -0.35 -193.75 -0.35 -193.7 q -6.95 -188.25 -6.45 -173 l -6 -172.75 q -3.8 -174.15 -1.3 -174.45 l -1.3 -171.85 l 0.7 -171.85 l 0.7 -174.45 q 3.3 -174.1 5.7 -172.55 q 5.7 -172.5 5.8 -172.5 q 5.8 -172.55 5.85 -172.55 m 0.65 -181.2 q 1.1 -180.8 1.1 -180.2 q 1.1 -179.65 0.65 -179.25 l 0.6 -179.2 q 0.25 -178.8 -0.35 -178.8 q -0.9 -178.85 -1.35 -179.2 l -1.35 -179.25 q -1.7 -179.65 -1.7 -180.2 q -1.7 -180.8 -1.35 -181.2 q -0.9 -181.55 -0.35 -181.55 q 0.25 -181.55 0.6 -181.2 l 0.65 -181.2 h c f #333 1 m 1.1 -180.2 q 1.1 -180.8 0.65 -181.2 l 0.6 -181.2 q 0.25 -181.55 -0.35 -181.55 q -0.9 -181.55 -1.35 -181.2 q -1.7 -180.8 -1.7 -180.2 q -1.7 -179.65 -1.35 -179.25 l -1.35 -179.2 q -0.9 -178.85 -0.35 -178.8 q 0.25 -178.8 0.6 -179.2 l 0.65 -179.25 q 1.1 -179.65 1.1 -180.2 c f #333 1 m 12.55 -173.45 l 12.85 -176.65 l 10 -175 l 6.75 -173.15 q 5.25 -167.45 9.15 -165.65 q 9.55 -165.5 10 -165.35 q 12.9 -164.4 15.05 -166.35 l 15.1 -166.4 q 15.05 -166.4 14.95 -166.45 l 13.2 -167.15 q 11.95 -168.05 12.2 -169.85 l 12.55 -173.45 c f #333 1 m 10 -189.05 q 9.9 -193.1 7.1 -195.95 q 4.15 -198.85 0 -198.85 q -4.15 -198.85 -7.1 -195.95 q -9.95 -193.1 -10 -189.05 l -10 -178.65 l -10 -175 l -6.45 -173 q -6.95 -188.25 -0.35 -193.7 q -0.35 -193.75 -0.3 -193.7 q -0.25 -193.75 -0.2 -193.7 q 6.45 -188.15 5.9 -172.65 q 5.9 -172.6 5.85 -172.55 q 5.8 -172.55 5.8 -172.5 q 5.7 -172.5 5.7 -172.55 q 3.3 -174.1 0.7 -174.45 l 0.7 -171.85 l 5 -171.85 l 2.5 -168.35 q 4.8 -167.5 5.85 -165.7 l 5.85 -165.65 q 5.9 -165.6 5.9 -165.55 q 5.85 -165.55 5.85 -165.5 q 5.8 -165.45 5.75 -165.45 q 5.7 -165.45 5.7 -165.5 q 3.7 -167.05 1.65 -167.1 l 1.05 -166.25 q 0.8 -166 0.7 -165.75 l 0.7 -163.35 l 1.7 -162 q 4.6 -161.2 5.85 -159.1 l 5.85 -159.05 q 5.9 -159 5.9 -158.95 q 5.85 -158.95 5.85 -158.9 q 5.8 -158.85 5.75 -158.85 q 5.7 -158.85 5.7 -158.9 q 3.25 -160.75 0.7 -160.4 l 0.7 -157.85 q 2.35 -157.35 3.7 -155.55 q 4.2 -154.85 4.4 -154.1 q 5.3 -153.4 5.85 -152.45 l 5.85 -152.4 q 5.9 -152.35 5.9 -152.3 q 5.85 -152.3 5.85 -152.25 q 5.8 -152.2 5.75 -152.2 q 5.7 -152.2 5.7 -152.25 q 5.15 -152.7 4.6 -153 q 4.65 -150.85 2.55 -148.5 q 4.8 -147.65 5.85 -145.85 l 5.85 -145.8 q 5.9 -145.75 5.9 -145.7 q 5.85 -145.7 5.85 -145.65 q 5.8 -145.6 5.75 -145.6 q 5.7 -145.6 5.7 -145.65 q 3.25 -147.55 0.7 -147.2 q 0.7 -147.15 0.7 -147.1 l 0.7 -142.4 q 4.45 -141.65 5.85 -139.25 l 5.85 -139.2 q 5.9 -139.15 5.9 -139.1 q 5.85 -139.1 5.85 -139.05 q 5.8 -139 5.75 -139 q 5.7 -139 5.7 -139.05 q 3.25 -140.9 0.7 -140.55 l 0.7 -135.8 q 4.45 -135.05 5.85 -132.65 l 5.85 -132.6 q 5.9 -132.55 5.9 -132.5 q 5.85 -132.5 5.85 -132.45 q 5.8 -132.4 5.75 -132.4 q 5.7 -132.4 5.7 -132.45 q 3.25 -134.3 0.7 -133.95 l 0.7 -129.15 q 4.45 -128.4 5.85 -126 l 5.85 -125.95 q 5.9 -125.9 5.9 -125.85 q 5.85 -125.85 5.85 -125.8 q 5.8 -125.75 5.75 -125.75 q 5.7 -125.75 5.7 -125.8 q 3.25 -127.7 0.7 -127.35 q 0.7 -127.3 0.7 -127.25 l 0.7 -122.55 q 4.45 -121.8 5.85 -119.4 l 5.85 -119.35 q 5.9 -119.3 5.9 -119.25 q 5.85 -119.25 5.85 -119.2 q 5.8 -119.15 5.75 -119.15 q 5.7 -119.15 5.7 -119.2 q 3.25 -121.05 0.7 -120.7 l 0.7 -115.95 q 3.45 -115.4 4.95 -113.9 l 5 -113.9 l 5 -113.9 q 5.45 -113.4 5.85 -112.75 l 5.85 -112.7 q 5.9 -112.65 5.9 -112.6 q 5.85 -112.6 5.85 -112.55 q 5.8 -112.5 5.75 -112.5 q 5.7 -112.5 5.7 -112.55 q 5.1 -113 4.55 -113.3 l 1.6 -109.1 q 4.6 -108.25 5.85 -106.15 l 5.85 -106.1 q 5.9 -106.05 5.9 -106 q 5.85 -106 5.85 -105.95 q 5.8 -105.9 5.75 -105.9 q 5.7 -105.9 5.7 -105.95 q 3.25 -107.85 0.7 -107.5 q 0.7 -107.45 0.7 -107.4 l 0.7 -105.4 l 1.75 -104 q 1.8 -103.95 1.85 -103.9 l 1.8 -103.9 q 1.2 -103.8 0.7 -103.8 l 0.7 -102.7 q 4.45 -101.95 5.85 -99.55 l 5.85 -99.5 q 5.9 -99.45 5.9 -99.4 q 5.85 -99.4 5.85 -99.35 q 5.8 -99.3 5.75 -99.3 q 5.7 -99.3 5.7 -99.35 q 3.25 -101.2 0.7 -100.85 l 0.7 -98.35 q 2.35 -97.85 3.7 -96.05 q 4.2 -95.35 4.4 -94.55 q 5.3 -93.9 5.85 -92.95 l 5.85 -92.9 q 5.9 -92.85 5.9 -92.8 q 5.85 -92.8 5.85 -92.75 q 5.8 -92.7 5.75 -92.7 q 5.7 -92.7 5.7 -92.75 q 5.15 -93.2 4.6 -93.45 q 4.65 -91.35 2.5 -88.95 q 4.8 -88.1 5.85 -86.3 l 5.85 -86.25 q 5.9 -86.2 5.9 -86.15 q 5.85 -86.15 5.85 -86.1 q 5.8 -86.05 5.75 -86.05 q 5.7 -86.05 5.7 -86.1 q 3.25 -88 0.7 -87.65 q 0.7 -87.6 0.7 -87.55 l 0.7 -82.85 q 4.45 -82.1 5.85 -79.7 l 5.85 -79.65 q 5.9 -79.6 5.9 -79.55 q 5.85 -79.55 5.85 -79.5 q 5.8 -79.45 5.75 -79.45 q 5.7 -79.45 5.7 -79.5 q 3.25 -81.35 0.7 -81 l 0.7 -76.25 q 4.45 -75.5 5.85 -73.05 l 5.85 -73 q 5.9 -72.95 5.9 -72.9 q 5.85 -72.9 5.85 -72.85 q 5.8 -72.8 5.75 -72.8 q 5.7 -72.8 5.7 -72.85 q 3.25 -74.75 0.7 -74.4 l 0.7 -69.6 q 4.45 -68.85 5.85 -66.45 l 5.85 -66.4 q 5.9 -66.35 5.9 -66.3 q 5.85 -66.3 5.85 -66.25 q 5.8 -66.2 5.75 -66.2 q 5.7 -66.2 5.7 -66.25 q 3.25 -68.15 0.7 -67.8 q 0.7 -67.75 0.7 -67.7 l 0.7 -63 q 4.45 -62.25 5.85 -59.85 l 5.85 -59.8 q 5.9 -59.75 5.9 -59.7 q 5.85 -59.7 5.85 -59.65 q 5.8 -59.6 5.75 -59.6 q 5.7 -59.6 5.7 -59.65 q 3.25 -61.5 0.7 -61.15 l 0.7 -56.4 q 3.45 -55.85 4.95 -54.4 l 5 -54.4 l 4.95 -54.4 q 5.45 -53.9 5.85 -53.25 l 5.85 -53.2 q 5.9 -53.15 5.9 -53.1 q 5.85 -53.1 5.85 -53.05 q 5.8 -53 5.75 -53 q 5.7 -53 5.7 -53.05 q 5.1 -53.5 4.55 -53.8 l 1.55 -49.55 q 4.6 -48.75 5.85 -46.6 l 5.85 -46.55 q 5.9 -46.5 5.9 -46.45 q 5.85 -46.45 5.85 -46.4 q 5.8 -46.35 5.75 -46.35 q 5.7 -46.35 5.7 -46.4 q 3.25 -48.3 0.7 -47.95 q 0.7 -47.9 0.7 -47.85 l 0.7 -45.9 l 1.75 -44.5 q 1.8 -44.45 1.85 -44.4 l 1.8 -44.4 q 1.2 -44.3 0.7 -44.3 l 0.7 -43.15 q 4.45 -42.4 5.85 -40 l 5.85 -39.95 q 5.9 -39.9 5.9 -39.85 q 5.85 -39.85 5.85 -39.8 q 5.8 -39.75 5.75 -39.75 q 5.7 -39.75 5.7 -39.8 q 3.25 -41.65 0.7 -41.3 l 0.7 -36.55 q 4.45 -35.8 5.85 -33.35 l 5.85 -33.3 q 5.9 -33.25 5.9 -33.2 q 5.85 -33.2 5.85 -33.15 q 5.8 -33.1 5.75 -33.1 q 5.7 -33.1 5.7 -33.15 q 3.25 -35.05 0.7 -34.7 l 0.7 -32.15 l 6 -32.15 l 6 -46.6 l 8.35 -48.65 q 5.4 -50.65 6.75 -55.7 l 10 -57.55 l 10 -61.2 l 10 -81.6 l 10 -85.25 l 4.15 -88.6 l 10 -91.3 l 10 -107.4 q 9.55 -107.55 9.15 -107.7 q 5.25 -109.5 6.75 -115.2 l 10 -117.05 l 10 -120.7 l 10 -141.1 l 10 -144.75 l 4.15 -148.1 l 10 -150.8 l 10 -165.35 q 9.55 -165.5 9.15 -165.65 q 5.25 -167.45 6.75 -173.15 l 10 -175 l 10 -178.65 l 10 -189.05 c f #333 1 m 24.3 -176.9 l 24.3 -176.95 q 24.25 -176.95 24.15 -176.9 l 22.3 -176.65 q 20.75 -176.85 20.05 -178.45 l 18.55 -181.7 l 17.2 -184.7 l 13.7 -178.6 q 14.15 -176.9 14.9 -175.7 q 16.55 -173.1 19.5 -173.35 q 23.3 -173.75 24.3 -176.9 c f #333 1 m 25.4 -189.45 q 23.95 -188.8 22.6 -189.9 l 19.6 -192 l 17 -193.85 l 17 -186.85 q 18.25 -185.6 19.5 -184.95 q 22.2 -183.5 24.65 -185.15 q 27.7 -187.4 27 -190.65 l 27 -190.7 q 26.95 -190.65 26.9 -190.6 l 25.4 -189.45 c f #333 1 m 19.05 -201.05 l 15.4 -201.4 l 12.2 -201.7 l 15.7 -195.6 q 17.45 -195.15 18.85 -195.2 q 21.9 -195.3 23.2 -197.95 q 24.7 -201.45 22.5 -203.9 l 22.5 -203.95 q 22.45 -203.85 22.45 -203.8 l 21.7 -202.05 q 20.75 -200.75 19.05 -201.05 c f #333 1 m 10.1 -198.95 q 5.9 -203.15 0 -203.15 q -5.9 -203.15 -10.1 -198.95 q -14.3 -194.75 -14.3 -188.85 q -14.3 -182.9 -10.1 -178.75 q -10.1 -178.75 -10 -178.65 l -10 -189.05 q -9.95 -193.1 -7.1 -195.95 q -4.15 -198.85 0 -198.85 q 4.15 -198.85 7.1 -195.95 q 9.9 -193.1 10 -189.05 l 10 -178.65 q 10.05 -178.75 10.1 -178.75 q 14.3 -182.9 14.3 -188.85 q 14.3 -194.75 10.1 -198.95 c f #333 1 m 3.9 -208.35 q 3.25 -207.15 2 -205.85 l -5 -205.85 l -3.15 -208.5 q -4.85 -208.25 -6.35 -207.75 q -6.3 -206.35 -6.75 -204.55 l -12.85 -201.05 l -12.55 -204.3 q -13.35 -203.65 -14.05 -202.9 q -14.5 -202.5 -14.9 -202 q -14.2 -200.85 -13.7 -199.1 l -17.2 -193 l -18.6 -196.05 q -19.2 -194.5 -19.5 -192.8 q -18.3 -192.15 -17 -190.85 l -17 -183.85 l -19.65 -185.7 q -19.4 -184.1 -18.9 -182.55 q -17.5 -182.6 -15.7 -182.1 l -12.2 -176 l -15.45 -176.3 q -14.8 -175.55 -14.05 -174.8 q -13.65 -174.4 -13.15 -173.95 q -12 -174.7 -10.25 -175.15 l -10 -175 l -10 -178.65 q -10.1 -178.75 -10.1 -178.75 q -14.3 -182.9 -14.3 -188.85 q -14.3 -194.75 -10.1 -198.95 q -5.9 -203.15 0 -203.15 q 5.9 -203.15 10.1 -198.95 q 14.3 -194.75 14.3 -188.85 q 14.3 -182.9 10.1 -178.75 q 10.05 -178.75 10 -178.65 l 10 -175 l 12.85 -176.65 l 12.55 -173.45 q 13.3 -174.1 14.05 -174.8 q 14.45 -175.25 14.9 -175.7 q 14.15 -176.9 13.7 -178.6 l 17.2 -184.7 l 18.55 -181.7 q 19.15 -183.25 19.5 -184.95 q 18.25 -185.6 17 -186.85 l 17 -193.85 l 19.6 -192 q 19.35 -193.65 18.85 -195.2 q 17.45 -195.15 15.7 -195.6 l 12.2 -201.7 l 15.4 -201.4 q 14.75 -202.2 14.05 -202.9 q 13.6 -203.35 13.15 -203.75 q 11.95 -203.05 10.25 -202.55 l 4.15 -206.05 l 7.15 -207.45 q 5.6 -208.05 3.9 -208.35 c f #333 1 m 2 -205.85 q 3.25 -207.15 3.9 -208.35 q 5.35 -211.1 3.7 -213.5 q 1.45 -216.55 -1.8 -215.85 l -1.85 -215.85 q -1.8 -215.8 -1.75 -215.75 l -0.6 -214.25 q 0.05 -212.8 -1.05 -211.45 l -3.15 -208.5 l -5 -205.85 l 2 -205.85 c f #333 1 m 11.95 -213 l 12.2 -211.15 q 12 -209.6 10.4 -208.9 l 7.15 -207.45 l 4.15 -206.05 l 10.25 -202.55 q 11.95 -203.05 13.15 -203.75 q 15.75 -205.45 15.5 -208.35 q 15.1 -212.15 11.95 -213.15 l 11.9 -213.15 q 11.9 -213.1 11.95 -213 c f 0 0 s 1 #333 1 m 13.15 -203.75 q 15.75 -205.45 15.5 -208.35 q 15.1 -212.15 11.95 -213.15 l 11.9 -213.15 q 11.9 -213.1 11.95 -213 l 12.2 -211.15 q 12 -209.6 10.4 -208.9 l 7.15 -207.45 l 4.15 -206.05 l 10.25 -202.55 q 11.95 -203.05 13.15 -203.75 q 13.6 -203.35 14.05 -202.9 q 14.75 -202.2 15.4 -201.4 l 19.05 -201.05 q 20.75 -200.75 21.7 -202.05 l 22.45 -203.8 q 22.45 -203.85 22.5 -203.95 l 22.5 -203.9 q 24.7 -201.45 23.2 -197.95 q 21.9 -195.3 18.85 -195.2 q 19.35 -193.65 19.6 -192 l 22.6 -189.9 q 23.95 -188.8 25.4 -189.45 l 26.9 -190.6 q 26.95 -190.65 27 -190.7 l 27 -190.65 q 27.7 -187.4 24.65 -185.15 q 22.2 -183.5 19.5 -184.95 q 19.15 -183.25 18.55 -181.7 l 20.05 -178.45 q 20.75 -176.85 22.3 -176.65 l 24.15 -176.9 q 24.25 -176.95 24.3 -176.95 l 24.3 -176.9 q 23.3 -173.75 19.5 -173.35 q 16.55 -173.1 14.9 -175.7 q 14.45 -175.25 14.05 -174.8 q 13.3 -174.1 12.55 -173.45 l 12.2 -169.85 q 11.95 -168.05 13.2 -167.15 l 14.95 -166.45 q 15.05 -166.4 15.1 -166.4 l 15.05 -166.35 q 12.9 -164.4 10 -165.35 l 10 -150.8 l 10.4 -150.95 q 12 -151.65 12.2 -153.2 l 11.95 -155.05 q 11.9 -155.15 11.9 -155.2 l 11.95 -155.2 q 15.1 -154.2 15.5 -150.4 q 15.75 -147.5 13.15 -145.8 q 13.6 -145.4 14.05 -144.95 q 14.75 -144.25 15.4 -143.45 l 19.05 -143.1 q 20.75 -142.8 21.7 -144.1 l 22.45 -145.85 q 22.45 -145.9 22.5 -146 l 22.5 -145.95 q 24.7 -143.5 23.2 -140 q 21.9 -137.35 18.85 -137.25 q 19.35 -135.7 19.6 -134.05 l 22.6 -131.95 q 23.95 -130.85 25.4 -131.5 l 26.9 -132.65 q 26.95 -132.7 27 -132.75 l 27 -132.7 q 27.7 -129.45 24.65 -127.2 q 22.2 -125.55 19.5 -127 q 19.15 -125.3 18.55 -123.75 l 20.05 -120.5 q 20.75 -118.9 22.3 -118.7 l 24.15 -118.95 q 24.25 -119 24.3 -119 l 24.3 -118.95 q 23.3 -115.8 19.5 -115.4 q 16.55 -115.15 14.9 -117.75 q 14.45 -117.3 14.05 -116.85 q 13.3 -116.15 12.55 -115.5 l 12.2 -111.9 q 11.95 -110.1 13.2 -109.2 l 14.95 -108.5 q 15.05 -108.45 15.1 -108.45 l 15.05 -108.4 q 12.9 -106.45 10 -107.4 l 10 -91.3 l 10.4 -91.45 q 12 -92.15 12.2 -93.7 l 11.95 -95.55 q 11.9 -95.65 11.9 -95.7 l 11.95 -95.7 q 15.1 -94.7 15.5 -90.9 q 15.75 -88 13.15 -86.3 q 13.6 -85.9 14.05 -85.45 q 14.75 -84.75 15.4 -83.95 l 19.05 -83.6 q 20.75 -83.3 21.7 -84.6 l 22.45 -86.35 q 22.45 -86.4 22.5 -86.5 l 22.5 -86.45 q 24.7 -84 23.2 -80.5 q 21.9 -77.85 18.85 -77.75 q 19.35 -76.2 19.6 -74.55 l 22.6 -72.45 q 23.95 -71.35 25.4 -72 l 26.9 -73.15 q 26.95 -73.2 27 -73.25 l 27 -73.2 q 27.7 -69.95 24.65 -67.7 q 22.2 -66.05 19.5 -67.5 q 19.15 -65.8 18.55 -64.25 l 20.05 -61 q 20.75 -59.4 22.3 -59.2 l 24.15 -59.45 q 24.25 -59.5 24.3 -59.5 l 24.3 -59.45 q 23.3 -56.3 19.5 -55.9 q 16.55 -55.65 14.9 -58.25 q 14.45 -57.8 14.05 -57.35 q 13.3 -56.65 12.55 -56 l 12.2 -52.4 q 11.95 -50.6 13.2 -49.7 l 14.95 -49 q 15.05 -48.95 15.1 -48.95 l 15.05 -48.9 q 13.85 -47.85 12.5 -47.65 l 15.9 -44.15 l 27 -6.85 l 20.35 1.7 f 0 0 s 1 #333 1 m -20.4 1.65 l -27 -6.85 l -15.9 -44.15 l -12.7 -47.4 q -15.2 -48.6 -15.5 -51.9 q -15.8 -54.85 -13.15 -56.5 q -13.65 -56.95 -14.05 -57.35 q -14.8 -58.1 -15.45 -58.85 l -19.05 -59.2 q -20.75 -59.5 -21.7 -58.2 l -22.45 -56.45 q -22.45 -56.4 -22.5 -56.3 l -22.5 -56.35 q -24.7 -58.8 -23.2 -62.3 q -21.95 -65 -18.9 -65.1 q -19.4 -66.65 -19.65 -68.25 l -22.6 -70.35 q -23.95 -71.45 -25.4 -70.8 l -26.9 -69.65 q -26.95 -69.6 -27 -69.55 l -27 -69.6 q -27.7 -72.85 -24.65 -75.1 q -22.25 -76.8 -19.5 -75.35 q -19.2 -77.05 -18.6 -78.6 l -20.05 -81.8 q -20.75 -83.4 -22.3 -83.6 l -24.15 -83.35 q -24.25 -83.3 -24.3 -83.3 l -24.3 -83.35 q -23.3 -86.5 -19.5 -86.9 q -16.6 -87.2 -14.9 -84.55 q -14.5 -85.05 -14.05 -85.45 q -13.35 -86.2 -12.55 -86.85 l -12.2 -90.4 q -11.95 -92.2 -13.2 -93.1 l -14.95 -93.8 q -15.05 -93.85 -15.1 -93.85 l -15.05 -93.9 q -12.95 -95.9 -10 -94.95 l -10 -111.05 l -10.4 -110.85 q -12 -110.15 -12.2 -108.6 l -11.95 -106.75 q -11.9 -106.65 -11.9 -106.6 l -11.95 -106.6 q -15.1 -107.6 -15.5 -111.4 q -15.8 -114.35 -13.15 -116 q -13.65 -116.45 -14.05 -116.85 q -14.8 -117.6 -15.45 -118.35 l -19.05 -118.7 q -20.75 -119 -21.7 -117.7 l -22.45 -115.95 q -22.45 -115.9 -22.5 -115.8 l -22.5 -115.85 q -24.7 -118.3 -23.2 -121.8 q -21.95 -124.5 -18.9 -124.6 q -19.4 -126.15 -19.65 -127.75 l -22.6 -129.85 q -23.95 -130.95 -25.4 -130.3 l -26.9 -129.15 q -26.95 -129.1 -27 -129.05 l -27 -129.1 q -27.7 -132.35 -24.65 -134.6 q -22.25 -136.3 -19.5 -134.85 q -19.2 -136.55 -18.6 -138.1 l -20.05 -141.3 q -20.75 -142.9 -22.3 -143.1 l -24.15 -142.85 q -24.25 -142.8 -24.3 -142.8 l -24.3 -142.85 q -23.3 -146 -19.5 -146.4 q -16.6 -146.7 -14.9 -144.05 q -14.5 -144.55 -14.05 -144.95 q -13.35 -145.7 -12.55 -146.35 l -12.2 -149.9 q -11.95 -151.7 -13.2 -152.6 l -14.95 -153.3 q -15.05 -153.35 -15.1 -153.35 l -15.05 -153.4 q -12.95 -155.4 -10 -154.45 l -10 -169 l -10.4 -168.8 q -12 -168.1 -12.2 -166.55 l -11.95 -164.7 q -11.9 -164.6 -11.9 -164.55 l -11.95 -164.55 q -15.1 -165.55 -15.5 -169.35 q -15.8 -172.3 -13.15 -173.95 q -13.65 -174.4 -14.05 -174.8 q -14.8 -175.55 -15.45 -176.3 l -19.05 -176.65 q -20.75 -176.95 -21.7 -175.65 l -22.45 -173.9 q -22.45 -173.85 -22.5 -173.75 l -22.5 -173.8 q -24.7 -176.25 -23.2 -179.75 q -21.95 -182.45 -18.9 -182.55 q -19.4 -184.1 -19.65 -185.7 l -22.6 -187.8 q -23.95 -188.9 -25.4 -188.25 l -26.9 -187.1 q -26.95 -187.05 -27 -187 l -27 -187.05 q -27.7 -190.3 -24.65 -192.55 q -22.25 -194.25 -19.5 -192.8 q -19.2 -194.5 -18.6 -196.05 l -20.05 -199.25 q -20.75 -200.85 -22.3 -201.05 l -24.15 -200.8 q -24.25 -200.75 -24.3 -200.75 l -24.3 -200.8 q -23.3 -203.95 -19.5 -204.35 q -16.6 -204.65 -14.9 -202 q -14.5 -202.5 -14.05 -202.9 q -13.35 -203.65 -12.55 -204.3 l -12.2 -207.85 q -11.95 -209.65 -13.2 -210.55 l -14.95 -211.25 q -15.05 -211.3 -15.1 -211.3 l -15.05 -211.35 q -12.6 -213.6 -9.15 -212.05 q -6.5 -210.85 -6.35 -207.75 q -4.85 -208.25 -3.15 -208.5 l -1.05 -211.45 q 0.05 -212.8 -0.6 -214.25 l -1.75 -215.75 q -1.8 -215.8 -1.85 -215.85 l -1.8 -215.85 q 1.45 -216.55 3.7 -213.5 q 5.35 -211.1 3.9 -208.35 q 5.6 -208.05 7.15 -207.45 f 0 0 s 1 #333 1 m -3.15 -208.5 l -5 -205.85 l 2 -205.85 q 3.25 -207.15 3.9 -208.35 f 0 0 s 1 #333 1 m -13.15 -173.95 q -12 -174.7 -10.25 -175.15 l -10 -175 l -10 -178.65 q -10.1 -178.75 -10.1 -178.75 q -14.3 -182.9 -14.3 -188.85 q -14.3 -194.75 -10.1 -198.95 q -5.9 -203.15 0 -203.15 q 5.9 -203.15 10.1 -198.95 q 14.3 -194.75 14.3 -188.85 q 14.3 -182.9 10.1 -178.75 q 10.05 -178.75 10 -178.65 l 10 -175 l 12.85 -176.65 l 12.55 -173.45 f 0 0 s 1 #333 1 m 15.4 -201.4 l 12.2 -201.7 l 15.7 -195.6 q 17.45 -195.15 18.85 -195.2 f 0 0 s 1 #333 1 m 19.6 -192 l 17 -193.85 l 17 -186.85 q 18.25 -185.6 19.5 -184.95 f 0 0 s 1 #333 1 m -10 -178.65 l -10 -189.05 q -9.95 -193.1 -7.1 -195.95 q -4.15 -198.85 0 -198.85 q 4.15 -198.85 7.1 -195.95 q 9.9 -193.1 10 -189.05 l 10 -178.65 f 0 0 s 1 #333 1 m 1.1 -180.2 q 1.1 -179.65 0.65 -179.25 l 0.6 -179.2 q 0.25 -178.8 -0.35 -178.8 q -0.9 -178.85 -1.35 -179.2 l -1.35 -179.25 q -1.7 -179.65 -1.7 -180.2 q -1.7 -180.8 -1.35 -181.2 q -0.9 -181.55 -0.35 -181.55 q 0.25 -181.55 0.6 -181.2 l 0.65 -181.2 q 1.1 -180.8 1.1 -180.2 f 0 0 s 1 #333 1 m 18.55 -181.7 l 17.2 -184.7 l 13.7 -178.6 q 14.15 -176.9 14.9 -175.7 f 0 0 s 1 #333 1 m 0.7 -171.85 l 0.7 -174.45 q 3.3 -174.1 5.7 -172.55 q 5.7 -172.5 5.8 -172.5 q 5.8 -172.55 5.85 -172.55 q 5.9 -172.6 5.9 -172.65 q 6.45 -188.15 -0.2 -193.7 q -0.25 -193.75 -0.3 -193.7 q -0.35 -193.75 -0.35 -193.7 q -6.95 -188.25 -6.45 -173 l -6 -172.75 q -3.8 -174.15 -1.3 -174.45 l -1.3 -171.85 l 0.7 -171.85 l 5 -171.85 l 2.5 -168.35 q 4.8 -167.5 5.85 -165.7 l 5.85 -165.65 q 5.9 -165.6 5.9 -165.55 q 5.85 -165.55 5.85 -165.5 q 5.8 -165.45 5.75 -165.45 q 5.7 -165.45 5.7 -165.5 q 3.7 -167.05 1.65 -167.1 l 1.05 -166.25 q 0.8 -166 0.7 -165.75 l 0.7 -163.35 l 1.7 -162 q 4.6 -161.2 5.85 -159.1 l 5.85 -159.05 q 5.9 -159 5.9 -158.95 q 5.85 -158.95 5.85 -158.9 q 5.8 -158.85 5.75 -158.85 q 5.7 -158.85 5.7 -158.9 q 3.25 -160.75 0.7 -160.4 l 0.7 -157.85 q 2.35 -157.35 3.7 -155.55 q 4.2 -154.85 4.4 -154.1 q 5.3 -153.4 5.85 -152.45 l 5.85 -152.4 q 5.9 -152.35 5.9 -152.3 q 5.85 -152.3 5.85 -152.25 q 5.8 -152.2 5.75 -152.2 q 5.7 -152.2 5.7 -152.25 q 5.15 -152.7 4.6 -153 q 4.65 -150.85 2.55 -148.5 q 4.8 -147.65 5.85 -145.85 l 5.85 -145.8 q 5.9 -145.75 5.9 -145.7 q 5.85 -145.7 5.85 -145.65 q 5.8 -145.6 5.75 -145.6 q 5.7 -145.6 5.7 -145.65 q 3.25 -147.55 0.7 -147.2 q 0.7 -147.15 0.7 -147.1 l 0.7 -142.4 q 4.45 -141.65 5.85 -139.25 l 5.85 -139.2 q 5.9 -139.15 5.9 -139.1 q 5.85 -139.1 5.85 -139.05 q 5.8 -139 5.75 -139 q 5.7 -139 5.7 -139.05 q 3.25 -140.9 0.7 -140.55 l 0.7 -135.8 q 4.45 -135.05 5.85 -132.65 l 5.85 -132.6 q 5.9 -132.55 5.9 -132.5 q 5.85 -132.5 5.85 -132.45 q 5.8 -132.4 5.75 -132.4 q 5.7 -132.4 5.7 -132.45 q 3.25 -134.3 0.7 -133.95 l 0.7 -129.15 q 4.45 -128.4 5.85 -126 l 5.85 -125.95 q 5.9 -125.9 5.9 -125.85 q 5.85 -125.85 5.85 -125.8 q 5.8 -125.75 5.75 -125.75 q 5.7 -125.75 5.7 -125.8 q 3.25 -127.7 0.7 -127.35 q 0.7 -127.3 0.7 -127.25 l 0.7 -122.55 q 4.45 -121.8 5.85 -119.4 l 5.85 -119.35 q 5.9 -119.3 5.9 -119.25 q 5.85 -119.25 5.85 -119.2 q 5.8 -119.15 5.75 -119.15 q 5.7 -119.15 5.7 -119.2 q 3.25 -121.05 0.7 -120.7 l 0.7 -115.95 q 3.45 -115.4 4.95 -113.9 l 5 -113.9 l 5 -113.9 q 5.45 -113.4 5.85 -112.75 l 5.85 -112.7 q 5.9 -112.65 5.9 -112.6 q 5.85 -112.6 5.85 -112.55 q 5.8 -112.5 5.75 -112.5 q 5.7 -112.5 5.7 -112.55 q 5.1 -113 4.55 -113.3 l 1.6 -109.1 q 4.6 -108.25 5.85 -106.15 l 5.85 -106.1 q 5.9 -106.05 5.9 -106 q 5.85 -106 5.85 -105.95 q 5.8 -105.9 5.75 -105.9 q 5.7 -105.9 5.7 -105.95 q 3.25 -107.85 0.7 -107.5 q 0.7 -107.45 0.7 -107.4 l 0.7 -105.4 l 1.75 -104 q 1.8 -103.95 1.85 -103.9 l 1.8 -103.9 q 1.2 -103.8 0.7 -103.8 l 0.7 -102.7 q 4.45 -101.95 5.85 -99.55 l 5.85 -99.5 q 5.9 -99.45 5.9 -99.4 q 5.85 -99.4 5.85 -99.35 q 5.8 -99.3 5.75 -99.3 q 5.7 -99.3 5.7 -99.35 q 3.25 -101.2 0.7 -100.85 l 0.7 -98.35 q 2.35 -97.85 3.7 -96.05 q 4.2 -95.35 4.4 -94.55 q 5.3 -93.9 5.85 -92.95 l 5.85 -92.9 q 5.9 -92.85 5.9 -92.8 q 5.85 -92.8 5.85 -92.75 q 5.8 -92.7 5.75 -92.7 q 5.7 -92.7 5.7 -92.75 q 5.15 -93.2 4.6 -93.45 q 4.65 -91.35 2.5 -88.95 q 4.8 -88.1 5.85 -86.3 l 5.85 -86.25 q 5.9 -86.2 5.9 -86.15 q 5.85 -86.15 5.85 -86.1 q 5.8 -86.05 5.75 -86.05 q 5.7 -86.05 5.7 -86.1 q 3.25 -88 0.7 -87.65 q 0.7 -87.6 0.7 -87.55 l 0.7 -82.85 q 4.45 -82.1 5.85 -79.7 l 5.85 -79.65 q 5.9 -79.6 5.9 -79.55 q 5.85 -79.55 5.85 -79.5 q 5.8 -79.45 5.75 -79.45 q 5.7 -79.45 5.7 -79.5 q 3.25 -81.35 0.7 -81 l 0.7 -76.25 q 4.45 -75.5 5.85 -73.05 l 5.85 -73 q 5.9 -72.95 5.9 -72.9 q 5.85 -72.9 5.85 -72.85 q 5.8 -72.8 5.75 -72.8 q 5.7 -72.8 5.7 -72.85 q 3.25 -74.75 0.7 -74.4 l 0.7 -69.6 q 4.45 -68.85 5.85 -66.45 l 5.85 -66.4 q 5.9 -66.35 5.9 -66.3 q 5.85 -66.3 5.85 -66.25 q 5.8 -66.2 5.75 -66.2 q 5.7 -66.2 5.7 -66.25 q 3.25 -68.15 0.7 -67.8 q 0.7 -67.75 0.7 -67.7 l 0.7 -63 q 4.45 -62.25 5.85 -59.85 l 5.85 -59.8 q 5.9 -59.75 5.9 -59.7 q 5.85 -59.7 5.85 -59.65 q 5.8 -59.6 5.75 -59.6 q 5.7 -59.6 5.7 -59.65 q 3.25 -61.5 0.7 -61.15 l 0.7 -56.4 q 3.45 -55.85 4.95 -54.4 l 5 -54.4 l 4.95 -54.4 q 5.45 -53.9 5.85 -53.25 l 5.85 -53.2 q 5.9 -53.15 5.9 -53.1 q 5.85 -53.1 5.85 -53.05 q 5.8 -53 5.75 -53 q 5.7 -53 5.7 -53.05 q 5.1 -53.5 4.55 -53.8 l 1.55 -49.55 q 4.6 -48.75 5.85 -46.6 l 5.85 -46.55 q 5.9 -46.5 5.9 -46.45 q 5.85 -46.45 5.85 -46.4 q 5.8 -46.35 5.75 -46.35 q 5.7 -46.35 5.7 -46.4 q 3.25 -48.3 0.7 -47.95 q 0.7 -47.9 0.7 -47.85 l 0.7 -45.9 l 1.75 -44.5 q 1.8 -44.45 1.85 -44.4 l 1.8 -44.4 q 1.2 -44.3 0.7 -44.3 l 0.7 -43.15 q 4.45 -42.4 5.85 -40 l 5.85 -39.95 q 5.9 -39.9 5.9 -39.85 q 5.85 -39.85 5.85 -39.8 q 5.8 -39.75 5.75 -39.75 q 5.7 -39.75 5.7 -39.8 q 3.25 -41.65 0.7 -41.3 l 0.7 -36.55 q 4.45 -35.8 5.85 -33.35 l 5.85 -33.3 q 5.9 -33.25 5.9 -33.2 q 5.85 -33.2 5.85 -33.15 q 5.8 -33.1 5.75 -33.1 q 5.7 -33.1 5.7 -33.15 q 3.25 -35.05 0.7 -34.7 l 0.7 -32.15 l 6 -32.15 l 6 -46.6 l 8.35 -48.65 q 5.4 -50.65 6.75 -55.7 l 10 -57.55 l 10 -61.2 l 10 -81.6 l 10 -85.25 l 4.15 -88.6 l 10 -91.3 f 0 0 s 1 #333 1 m 1.65 -167.1 l 2.5 -168.35 f 0 0 s 1 #333 1 m 0.7 -163.35 l 0.6 -163.45 q 0.05 -164.65 0.7 -165.75 f 0 0 s 1 #333 1 m -1.3 -171.85 l -2 -171.85 q -4.25 -169.65 -4.55 -167.65 q -4.65 -167.1 -4.6 -166.55 q -4.5 -165.35 -3.7 -164.2 q -2.7 -162.85 -1.5 -162.25 q 0 -161.5 1.8 -161.85 l 1.85 -161.85 q 1.8 -161.9 1.75 -161.95 l 1.7 -162 f 0 0 s 1 #333 1 m 10 -175 l 6.75 -173.15 q 5.25 -167.45 9.15 -165.65 q 9.55 -165.5 10 -165.35 f 0 0 s 1 #333 1 m 4.6 -153 q 4.55 -153.55 4.4 -154.1 f 0 0 s 1 #333 1 m 10 -150.8 l 4.15 -148.1 l 10 -144.75 l 10.25 -144.6 q 11.95 -145.1 13.15 -145.8 f 0 0 s 1 #333 1 m 15.4 -143.45 l 12.2 -143.75 l 15.7 -137.65 q 17.45 -137.2 18.85 -137.25 f 0 0 s 1 #333 1 m 0.7 -157.85 q -0.25 -158.15 -1.3 -158 q -1.55 -158 -1.8 -157.9 l -1.85 -157.9 q -1.8 -157.85 -1.75 -157.8 l -1.3 -157.25 l -0.6 -156.3 q 0.05 -154.85 -1.05 -153.5 l -1.3 -153.15 l -5 -147.9 l -4.35 -147.9 l 2 -147.9 q 2.25 -148.2 2.55 -148.5 f 0 0 s 1 #333 1 m 10 -144.75 l 10 -141.1 q 10.05 -141.05 10.1 -141 q 14.3 -136.8 14.3 -130.9 q 14.3 -124.95 10.1 -120.8 q 10.05 -120.8 10 -120.7 l 10 -117.05 l 12.85 -118.7 l 12.55 -115.5 f 0 0 s 1 #333 1 m 19.6 -134.05 l 17 -135.9 l 17 -128.9 q 18.25 -127.65 19.5 -127 f 0 0 s 1 #333 1 m 18.55 -123.75 l 17.2 -126.75 l 13.7 -120.65 q 14.15 -118.95 14.9 -117.75 f 0 0 s 1 #333 1 m -4.35 -147.9 q -5.7 -147.1 -6.4 -145.85 l -6.45 -145.8 q -6.5 -145.75 -6.45 -145.7 l -6.4 -145.65 q -6.4 -145.6 -6.35 -145.6 q -6.3 -145.6 -6.25 -145.65 q -3.85 -147.55 -1.3 -147.2 q -1.3 -147.15 -1.3 -147.1 l -1.3 -142.4 q -5.05 -141.65 -6.4 -139.25 l -6.45 -139.2 q -6.5 -139.15 -6.45 -139.1 l -6.4 -139.05 q -6.4 -139 -6.35 -139 q -6.3 -139 -6.25 -139.05 q -3.85 -140.9 -1.3 -140.55 l -1.3 -135.8 q -5.05 -135.05 -6.4 -132.65 l -6.45 -132.6 q -6.5 -132.55 -6.45 -132.5 l -6.4 -132.45 q -6.4 -132.4 -6.35 -132.4 q -6.3 -132.4 -6.25 -132.45 q -3.85 -134.3 -1.3 -133.95 l -1.3 -129.15 q -5.05 -128.4 -6.4 -126 l -6.45 -125.95 q -6.5 -125.9 -6.45 -125.85 l -6.4 -125.8 q -6.4 -125.75 -6.35 -125.75 q -6.3 -125.75 -6.25 -125.8 q -3.85 -127.7 -1.3 -127.35 q -1.3 -127.3 -1.3 -127.25 l -1.3 -122.55 q -5.05 -121.8 -6.4 -119.4 l -6.45 -119.35 q -6.5 -119.3 -6.45 -119.25 l -6.4 -119.2 q -6.4 -119.15 -6.35 -119.15 q -6.3 -119.15 -6.25 -119.2 q -3.85 -121.05 -1.3 -120.7 l -1.3 -115.95 q -3.75 -115.5 -5.15 -114.3 l -4.25 -113.75 q -2.8 -114.35 -1.3 -114.1 l -1.3 -113.9 l 0.7 -113.9 l 0.7 -114.1 q 1.95 -114.3 3.15 -113.9 l 4.95 -113.9 f 0 0 s 1 #333 1 m 4.55 -113.3 l 5 -113.9 f 0 0 s 1 #333 1 m 3.15 -113.9 l 0.7 -113.9 f 0 0 s 1 #333 1 m 10 -117.05 l 6.75 -115.2 q 5.25 -109.5 9.15 -107.7 q 9.55 -107.55 10 -107.4 f 0 0 s 1 #333 1 m 0.7 -105.4 l 0.6 -105.5 q -0.05 -106.95 1.05 -108.3 l 1.6 -109.1 f 0 0 s 1 #333 1 m 10 -141.1 l 10 -120.7 f 0 0 s 1 #333 1 m 4.6 -93.45 q 4.55 -94.05 4.4 -94.55 f 0 0 s 1 #333 1 m 0.7 -98.35 q -0.25 -98.65 -1.3 -98.5 q -1.55 -98.5 -1.8 -98.4 l -1.85 -98.4 q -1.8 -98.35 -1.75 -98.3 l -1.3 -97.75 l -0.6 -96.8 q 0.05 -95.35 -1.05 -94 l -1.3 -93.65 l -5 -88.4 l -4.25 -88.4 l 2 -88.4 q 2.25 -88.7 2.5 -88.95 f 0 0 s 1 #333 1 m 10 -81.6 q 10.05 -81.55 10.1 -81.5 q 14.3 -77.3 14.3 -71.4 q 14.3 -65.45 10.1 -61.3 q 10.05 -61.3 10 -61.2 f 0 0 s 1 #333 1 m 10 -85.25 l 10.25 -85.1 q 11.95 -85.6 13.15 -86.3 f 0 0 s 1 #333 1 m 19.6 -74.55 l 17 -76.4 l 17 -69.4 q 18.25 -68.15 19.5 -67.5 f 0 0 s 1 #333 1 m 15.4 -83.95 l 12.2 -84.25 l 15.7 -78.15 q 17.45 -77.7 18.85 -77.75 f 0 0 s 1 #333 1 m 18.55 -64.25 l 17.2 -67.25 l 13.7 -61.15 q 14.15 -59.45 14.9 -58.25 f 0 0 s 1 #333 1 m 4.55 -53.8 l 4.95 -54.4 l 3.05 -54.4 l 0.7 -54.4 l -1.3 -54.4 l -2 -54.4 q -5.15 -51.3 -4.55 -48.55 q -4.45 -48.1 -4.2 -47.6 q -4 -47.2 -3.7 -46.75 q -2.65 -45.3 -1.3 -44.7 q -0.4 -44.3 0.7 -44.3 f 0 0 s 1 #333 1 m 0.7 -54.4 l 0.7 -54.55 q 1.85 -54.75 3.05 -54.4 f 0 0 s 1 #333 1 m 12.55 -56 l 12.85 -59.2 l 10 -57.55 f 0 0 s 1 #333 1 m 8.35 -48.65 q 8.7 -48.4 9.15 -48.2 q 10.95 -47.4 12.5 -47.65 f 0 0 s 1 #333 1 m 0.7 -45.9 l 0.6 -46 q -0.05 -47.45 1.05 -48.8 l 1.55 -49.55 f 0 0 s 1 #333 1 m 6 -32.15 l 6.75 -32.15 q 8.6 -32 10 -30.95 q 11.5 -29.9 12.5 -27.85 q 13.9 -25.05 13.9 -21.95 l 13.9 -1.2 f 0 0 s 1 #333 1 m -1.3 -44.7 l -1.3 -43.15 q -4.6 -42.5 -6 -40.6 l -6 -40 q -3.75 -41.65 -1.3 -41.3 l -1.3 -36.55 q -4.6 -35.9 -6 -34 l -6 -33.35 q -3.75 -35.05 -1.3 -34.7 l -1.3 -32.15 l -0.7 -32.15 l 0 -32.15 l 0.7 -32.15 f 0 0 s 1 #333 1 m 4.15 -21.5 l 7.75 -21.5 q 8.8 -21.5 8.8 -20.45 l 8.8 -13.3 q 8.8 -12.25 7.75 -12.25 l 4.15 -12.25 q 3.1 -12.25 3.1 -13.3 l 3.1 -20.45 q 3.1 -21 3.35 -21.25 q 3.6 -21.5 4.15 -21.5 f 0 0 s 1 #333 1 m -9.5 -23.75 l 9.4 -23.75 q 9.7 -23.75 10 -23.65 q 10.65 -23.35 10.65 -22.3 l 10.65 -11.55 q 10.65 -10.55 10 -10.25 q 9.7 -10.1 9.4 -10.1 l -9.5 -10.1 q -9.8 -10.1 -10 -10.2 q -10.75 -10.45 -10.75 -11.55 l -10.75 -22.3 q -10.75 -23.45 -10 -23.7 q -9.8 -23.75 -9.5 -23.75 f 0 0 s 1 #333 1 m -7.95 -21.85 l 7.95 -21.85 q 9 -21.85 9 -20.8 l 9 -12.9 q 9 -11.85 7.95 -11.85 l -7.95 -11.85 q -9 -11.85 -9 -12.9 l -9 -20.8 q -9 -21.85 -7.95 -21.85 f 0 0 s 1 #333 1 m -1.8 -21.5 l 1.8 -21.5 q 2.85 -21.5 2.85 -20.45 l 2.85 -13.3 q 2.85 -12.25 1.8 -12.25 l -1.8 -12.25 q -2.85 -12.25 -2.85 -13.3 l -2.85 -20.45 q -2.85 -21.5 -1.8 -21.5 f 0 0 s 1 #333 1 m -18.6 -196.05 l -17.2 -193 l -13.7 -199.1 q -14.2 -200.85 -14.9 -202 f 0 0 s 1 #333 1 m -12.55 -204.3 l -12.85 -201.05 l -6.75 -204.55 q -6.3 -206.35 -6.35 -207.75 f 0 0 s 1 #333 1 m -19.65 -185.7 l -17 -183.85 l -17 -190.85 q -18.3 -192.15 -19.5 -192.8 f 0 0 s 1 #333 1 m -15.45 -176.3 l -12.2 -176 l -15.7 -182.1 q -17.5 -182.6 -18.9 -182.55 f 0 0 s 1 #333 1 m -4.55 -167.65 q -5.8 -166.9 -6.4 -165.7 l -6.45 -165.65 q -6.5 -165.6 -6.45 -165.55 l -6.4 -165.5 q -6.4 -165.45 -6.35 -165.45 q -6.3 -165.45 -6.25 -165.5 q -5.45 -166.15 -4.6 -166.55 f 0 0 s 1 #333 1 m -10 -169 l -4.15 -171.65 l -6 -172.75 f 0 0 s 1 #333 1 m -1.5 -162.25 q -5.1 -161.45 -6.4 -159.1 l -6.45 -159.05 q -6.5 -159 -6.45 -158.95 l -6.4 -158.9 q -6.4 -158.85 -6.35 -158.85 q -6.3 -158.85 -6.25 -158.9 q -3.85 -160.75 -1.3 -160.4 l -1.3 -158 f 0 0 s 1 #333 1 m -1.3 -157.25 l -1.3 -155.65 q -5.05 -154.9 -6.4 -152.45 l -6.45 -152.4 q -6.5 -152.35 -6.45 -152.3 l -6.4 -152.25 q -6.4 -152.2 -6.35 -152.2 q -6.3 -152.2 -6.25 -152.25 q -3.85 -154.15 -1.3 -153.8 l -1.3 -153.15 f 0 0 s 1 #333 1 m -12.55 -146.35 l -12.85 -143.1 l -10 -144.75 l -6.75 -146.6 q -5.25 -152.3 -9.15 -154.1 q -9.6 -154.3 -10 -154.45 f 0 0 s 1 #333 1 m -6.45 -173 l -10 -175 f 0 0 s 1 #333 1 m -13.15 -116 q -12 -116.75 -10.25 -117.2 l -10 -117.05 l -10 -120.7 q -10.1 -120.8 -10.1 -120.8 q -14.3 -124.95 -14.3 -130.9 q -14.3 -136.8 -10.1 -141 q -10.1 -141.05 -10 -141.1 l -10 -144.75 f 0 0 s 1 #333 1 m -18.6 -138.1 l -17.2 -135.05 l -13.7 -141.15 q -14.2 -142.9 -14.9 -144.05 f 0 0 s 1 #333 1 m -19.65 -127.75 l -17 -125.9 l -17 -132.9 q -18.3 -134.2 -19.5 -134.85 f 0 0 s 1 #333 1 m -15.45 -118.35 l -12.2 -118.05 l -15.7 -124.15 q -17.5 -124.65 -18.9 -124.6 f 0 0 s 1 #333 1 m -5.5 -113.1 l -6.5 -112.65 q -6.5 -112.65 -6.45 -112.6 l -6.4 -112.55 q -6.4 -112.5 -6.35 -112.5 q -6.3 -112.5 -6.25 -112.55 q -5.9 -112.9 -5.5 -113.1 l -4.15 -113.7 l -4.25 -113.75 f 0 0 s 1 #333 1 m -5.15 -114.3 l -10 -117.05 f 0 0 s 1 #333 1 m -1.3 -113.9 l -2 -113.9 q -5.1 -110.85 -4.55 -108.1 q -4.45 -107.65 -4.25 -107.15 q -4.05 -106.7 -3.7 -106.25 q -2.65 -104.8 -1.3 -104.2 q -0.4 -103.8 0.7 -103.8 f 0 0 s 1 #333 1 m -4.55 -108.1 q -5.75 -107.35 -6.4 -106.15 l -6.45 -106.1 q -6.5 -106.05 -6.45 -106 l -6.4 -105.95 q -6.4 -105.9 -6.35 -105.9 q -6.3 -105.9 -6.25 -105.95 q -5.25 -106.75 -4.25 -107.15 f 0 0 s 1 #333 1 m -1.3 -104.2 l -1.3 -102.7 q -5.05 -101.95 -6.4 -99.55 l -6.45 -99.5 q -6.5 -99.45 -6.45 -99.4 l -6.4 -99.35 q -6.4 -99.3 -6.35 -99.3 q -6.3 -99.3 -6.25 -99.35 q -3.85 -101.2 -1.3 -100.85 l -1.3 -98.5 f 0 0 s 1 #333 1 m -10 -111.05 l -6.5 -112.65 f 0 0 s 1 #333 1 m -10 -120.7 l -10 -141.1 f 0 0 s 1 #333 1 m -1.3 -97.75 l -1.3 -96.1 q -5.05 -95.35 -6.4 -92.95 l -6.45 -92.9 q -6.5 -92.85 -6.45 -92.8 l -6.4 -92.75 q -6.4 -92.7 -6.35 -92.7 q -6.3 -92.7 -6.25 -92.75 q -3.85 -94.6 -1.3 -94.25 l -1.3 -93.65 f 0 0 s 1 #333 1 m -12.55 -86.85 l -12.85 -83.6 l -10 -85.25 l -6.75 -87.1 q -5.25 -92.8 -9.15 -94.6 q -9.6 -94.8 -10 -94.95 f 0 0 s 1 #333 1 m -4.25 -88.4 q -5.7 -87.6 -6.4 -86.3 l -6.45 -86.25 q -6.5 -86.2 -6.45 -86.15 l -6.4 -86.1 q -6.4 -86.05 -6.35 -86.05 q -6.3 -86.05 -6.25 -86.1 q -3.85 -88 -1.3 -87.65 q -1.3 -87.6 -1.3 -87.55 l -1.3 -82.85 q -5.05 -82.1 -6.4 -79.7 l -6.45 -79.65 q -6.5 -79.6 -6.45 -79.55 l -6.4 -79.5 q -6.4 -79.45 -6.35 -79.45 q -6.3 -79.45 -6.25 -79.5 q -3.85 -81.35 -1.3 -81 l -1.3 -76.25 q -5.05 -75.5 -6.4 -73.05 l -6.45 -73 q -6.5 -72.95 -6.45 -72.9 l -6.4 -72.85 q -6.4 -72.8 -6.35 -72.8 q -6.3 -72.8 -6.25 -72.85 q -3.85 -74.75 -1.3 -74.4 l -1.3 -69.6 q -5.05 -68.85 -6.4 -66.45 l -6.45 -66.4 q -6.5 -66.35 -6.45 -66.3 l -6.4 -66.25 q -6.4 -66.2 -6.35 -66.2 q -6.3 -66.2 -6.25 -66.25 q -3.85 -68.15 -1.3 -67.8 q -1.3 -67.75 -1.3 -67.7 l -1.3 -63 q -5.05 -62.25 -6.4 -59.85 l -6.45 -59.8 q -6.5 -59.75 -6.45 -59.7 l -6.4 -59.65 q -6.4 -59.6 -6.35 -59.6 q -6.3 -59.6 -6.25 -59.65 q -3.85 -61.5 -1.3 -61.15 l -1.3 -56.4 q -3.75 -55.95 -5.15 -54.75 l -4.2 -54.25 q -2.8 -54.8 -1.3 -54.55 l -1.3 -54.4 f 0 0 s 1 #333 1 m -18.6 -78.6 l -17.2 -75.55 l -13.7 -81.65 q -14.2 -83.4 -14.9 -84.55 f 0 0 s 1 #333 1 m -13.15 -56.5 q -12 -57.25 -10.25 -57.7 l -10 -57.55 l -10 -61.2 q -10.1 -61.3 -10.1 -61.3 q -14.3 -65.45 -14.3 -71.4 q -14.3 -77.3 -10.1 -81.5 q -10.1 -81.55 -10 -81.6 l -10 -85.25 f 0 0 s 1 #333 1 m -19.65 -68.25 l -17 -66.4 l -17 -73.4 q -18.3 -74.7 -19.5 -75.35 f 0 0 s 1 #333 1 m -15.45 -58.85 l -12.2 -58.55 l -15.7 -64.65 q -17.5 -65.15 -18.9 -65.1 f 0 0 s 1 #333 1 m -6.5 -53.15 q -6.5 -53.15 -6.45 -53.1 l -6.4 -53.05 q -6.4 -53 -6.35 -53 q -6.3 -53 -6.25 -53.05 q -5.85 -53.4 -5.4 -53.65 l -6.5 -53.15 l -10 -51.55 l -10 -50.05 l -6.3 -46.85 q -5.65 -47.85 -4.55 -48.55 f 0 0 s 1 #333 1 m -10 -51.55 l -10.4 -51.35 q -12 -50.65 -12.2 -49.1 l -12.05 -48.05 l -10.05 -50.1 l -10 -50.05 f 0 0 s 1 #333 1 m -5.4 -53.65 l -4.15 -54.2 l -4.2 -54.25 f 0 0 s 1 #333 1 m -5.15 -54.75 l -10 -57.55 f 0 0 s 1 #333 1 m -10 -61.2 l -10 -81.6 f 0 0 s 1 #333 1 m -6.3 -46.85 l -6 -46.6 q -5.15 -47.3 -4.2 -47.6 f 0 0 s 1 #333 1 m -6 -46.6 l -6 -40.6 f 0 0 s 1 #333 1 m -12.7 -47.4 q -12.35 -47.25 -11.95 -47.1 l -11.9 -47.1 q -11.9 -47.15 -11.95 -47.25 l -12.05 -48.05 f 0 0 s 1 #333 1 m -13.9 -1.2 l -13.9 -21.95 q -13.9 -25.05 -12.5 -27.85 q -11.55 -29.9 -10 -30.95 q -8.65 -32 -6.75 -32.15 l -6 -32.15 l -6 -33.35 f 0 0 s 1 #333 1 m -6 -32.15 l -1.3 -32.15 f 0 0 s 1 #333 1 m -6 -40 l -6 -34 f 0 0 s 1 #333 1 m -7.75 -21.5 l -4.15 -21.5 q -3.8 -21.5 -3.55 -21.4 q -3.1 -21.15 -3.1 -20.45 l -3.1 -13.3 q -3.1 -12.25 -4.15 -12.25 l -7.75 -12.25 q -8.8 -12.25 -8.8 -13.3 l -8.8 -20.45 q -8.8 -21.5 -7.75 -21.5
f #282828 1 m 107 -164.95 q 107 -174.95 97 -174.95 l -78 -174.95 q -88 -174.95 -88 -164.95 l -88 25.05 q -88 35.05 -78 35.05 l 97 35.05 q 107 35.05 107 25.05 l 107 -164.95 c
f #a78a00 1 m 378 362.05 l 378 347.05 q 378 337.05 368 337.05 l 221 337.05 q 211 337.05 211 347.05 l 211 362.05 q 211 372.05 221 372.05 l 368 372.05 q 378 372.05 378 362.05 c
f #7fa503 1 m 378 362.05 l 378 347.05 q 378 337.05 368 337.05 l 221 337.05 q 211 337.05 211 347.05 l 211 362.05 q 211 372.05 221 372.05 l 368 372.05 q 378 372.05 378 362.05 c
f #090 1 m 696.15 428.45 q 696.15 418.1 688.8 410.75 q 681.5 403.45 671.15 403.45 l 501.15 403.45 q 490.8 403.45 483.45 410.75 q 476.15 418.1 476.15 428.45 q 476.15 438.8 483.45 446.1 q 490.8 453.45 501.15 453.45 l 671.15 453.45 q 681.5 453.45 688.8 446.1 q 696.15 438.8 696.15 428.45 c
f 0 0 s 3 #fff 0.4 m 5 -8.65 l 10 -17.3 f 0 0 s 3 #fff 0.4 m 8.65 -5 l 17.3 -10 f 0 0 s 3 #fff 0.4 m 17.3 10 l 8.65 5 f 0 0 s 3 #fff 0.4 m 20 0 l 10 0 f 0 0 s 3 #fff 0.4 m 0 10 l 0 20 f 0 0 s 3 #fff 0.4 m 5 8.65 l 10 17.3 f 0 0 s 3 #fff 0.4 m -10 17.3 l -5 8.65 f 0 0 s 3 #fff 1 m 0 -20 l 0 -10 f 0 0 s 3 #fff 0.898039 m -10 -17.3 l -5 -8.65 f 0 0 s 3 #fff 0.8 m -8.65 -5 l -17.3 -10 f 0 0 s 3 #fff 0.498039 m -17.3 10 l -8.65 5 f 0 0 s 3 #fff 0.6 m -10 0 l -20 0
f #090 1 m 626.15 422.9 q 626.15 414.85 620.45 409.15 q 614.75 403.45 606.7 403.45 l 495.6 403.45 q 487.55 403.45 481.85 409.15 q 476.15 414.85 476.15 422.9 l 476.15 426 q 476.15 434.05 481.85 439.75 q 487.55 445.45 495.6 445.45 l 606.7 445.45 q 614.75 445.45 620.45 439.75 q 626.15 434.05 626.15 426 l 626.15 422.9 c
f #161616 1 m 23.85 -71.55 q 13.9 -71.55 6.85 -64.5 q 1.15 -58.8 0.05 -51.2 q 0.05 -51 0 -50.75 q -0.05 -51 -0.05 -51.2 q -1.15 -58.8 -6.85 -64.5 q -13.9 -71.55 -23.85 -71.55 q -33.8 -71.55 -40.85 -64.5 q -47.65 -57.7 -47.9 -47.5 q -48.45 -23.45 -24.05 -4.3 q -12.1 5.05 0 9.8 q 12.1 5.05 24.05 -4.3 q 48.45 -23.45 47.9 -47.5 q 47.65 -57.7 40.85 -64.5 q 33.8 -71.55 23.85 -71.55 c
f #f36 1 m 0 0 l 0 100 l 100 100 l 100 0 l 0 0 c
f #161616 1 m 23.85 -40.7 q 13.9 -40.7 6.85 -33.65 q 1.15 -27.95 0.05 -20.35 q 0.05 -20.15 0 -19.9 q -0.05 -20.15 -0.05 -20.35 q -1.15 -27.95 -6.85 -33.65 q -13.9 -40.7 -23.85 -40.7 q -33.8 -40.7 -40.85 -33.65 q -47.65 -26.85 -47.9 -16.65 q -48.45 7.4 -24.05 26.55 q -12.1 35.9 0 40.65 q 12.1 35.9 24.05 26.55 q 48.45 7.4 47.9 -16.65 q 47.65 -26.85 40.85 -33.65 q 33.8 -40.7 23.85 -40.7 c
f #f6ff00 1 m 271 10 l 271 0 l 0 0 l 0 10 l 271 10 c
f #d49f00 0.8 m -135.5 -40 l -135.5 40 l 135.5 40 l 135.5 -40 l -135.5 -40 c
f #333 1 m 585.85 584 q 585.85 579 580.85 579 l 391 579 q 386 579 386 584 l 386 599 q 386 604 391 604 l 580.85 604 q 585.85 604 585.85 599 l 585.85 584 c
f #66c 1 m 585.85 584 q 585.85 579 580.85 579 l 391 579 q 386 579 386 584 l 386 599 q 386 604 391 604 l 580.85 604 q 585.85 604 585.85 599 l 585.85 584 c
f #000 0.498039 m 889 19.05 q 889 14.05 884 14.05 l 779 14.05 q 774 14.05 774 19.05 l 774 94.05 q 774 99.05 779 99.05 l 884 99.05 q 889 99.05 889 94.05 l 889 19.05 c
f 0 0 s 1 #fc0 1 m -173.95 124.25 l -4 124.25
f #000 0.498039 m 953.95 19.05 q 953.95 14.05 948.95 14.05 l 779 14.05 q 774 14.05 774 19.05 l 774 163.05 q 774 168.05 779 168.05 l 948.95 168.05 q 953.95 168.05 953.95 163.05 l 953.95 19.05 c